EventID,CaseID,Activity,Timestamp,Resource,Location,Shift,Department,ProcessingTime,PriorityLevel,FileSize,hour,day_of_week,season
E_31,Case_5,Finalize,2024-12-16 04:51:31.459022,User_3,Branch_B,Night,IT,25,4,3.18,4,0,Winter
E_116,Case_16,Submit,2024-12-16 04:51:31.459022,User_2,Branch_A,Afternoon,Finance,88,2,5.07,4,0,Winter
E_397,Case_53,Finalize,2024-12-16 04:51:31.459022,User_3,Branch_B,Night,IT,40,4,5.05,4,0,Winter
E_498,Case_67,Submit,2024-12-16 04:51:31.459022,User_2,Branch_A,Morning,HR,93,1,6.32,4,0,Winter
E_342,Case_45,Archive,2024-12-16 04:51:31.459022,User_3,Branch_A,Afternoon,HR,29,4,8.95,4,0,Winter
E_117,Case_16,Review,2024-12-16 04:56:31.459022,User_1,Headquarters,Afternoon,HR,91,4,4.89,4,0,Winter
E_499,Case_67,Review,2024-12-16 05:11:31.459022,User_2,Branch_B,Afternoon,Operations,82,3,6.42,5,0,Winter
E_118,Case_16,Finalize,2024-12-16 05:15:31.459022,User_1,Branch_C,Afternoon,IT,91,2,2.11,5,0,Winter
E_119,Case_16,Submit,2024-12-16 05:59:31.459022,User_4,Branch_B,Afternoon,HR,76,2,0.27,5,0,Winter
E_500,Case_67,Approve,2024-12-16 06:11:31.459022,User_4,Branch_A,Afternoon,Operations,43,2,6.58,6,0,Winter
E_398,Case_53,Archive,2024-12-16 06:12:31.459022,User_3,Branch_C,Morning,IT,40,5,6.04,6,0,Winter
E_343,Case_45,Approve,2024-12-16 06:21:31.459022,User_4,Headquarters,Afternoon,HR,44,1,3.6,6,0,Winter
E_32,Case_5,Approve,2024-12-16 06:47:31.459022,User_3,Branch_A,Morning,Operations,40,5,4.68,6,0,Winter
E_501,Case_67,Approve,2024-12-16 07:04:31.459022,User_3,Branch_A,Morning,HR,1,4,1.25,7,0,Winter
E_120,Case_16,Archive,2024-12-16 07:14:31.459022,User_1,Branch_C,Morning,Finance,36,5,0.78,7,0,Winter
E_502,Case_67,Approve,2024-12-16 07:23:31.459022,User_4,Branch_A,Night,IT,25,1,8.29,7,0,Winter
E_344,Case_45,Review,2024-12-16 07:27:31.459022,User_2,Branch_A,Afternoon,Finance,13,2,6.62,7,0,Winter
E_121,Case_16,Approve,2024-12-16 07:40:31.459022,User_2,Branch_C,Afternoon,HR,18,5,7.12,7,0,Winter
E_345,Case_45,Archive,2024-12-16 07:46:31.459022,User_1,Headquarters,Afternoon,IT,35,5,2.9,7,0,Winter
E_33,Case_5,Review,2024-12-16 07:53:31.459022,User_2,Branch_C,Night,HR,26,1,4.08,7,0,Winter
E_346,Case_45,Archive,2024-12-16 07:58:31.459022,User_4,Branch_B,Morning,Operations,78,4,5.82,7,0,Winter
E_399,Case_53,Review,2024-12-16 08:12:31.459022,User_4,Headquarters,Afternoon,Operations,21,4,5.24,8,0,Winter
E_400,Case_53,Submit,2024-12-16 08:16:31.459022,User_1,Headquarters,Afternoon,HR,96,1,2.06,8,0,Winter
E_34,Case_5,Review,2024-12-16 08:28:31.459022,User_2,Headquarters,Night,HR,118,3,2.54,8,0,Winter
E_503,Case_67,Review,2024-12-16 08:41:31.459022,User_4,Branch_C,Night,HR,9,2,1.79,8,0,Winter
E_504,Case_67,Finalize,2024-12-16 08:47:31.459022,User_4,Branch_C,Afternoon,Operations,86,5,8.61,8,0,Winter
E_347,Case_45,Finalize,2024-12-16 09:24:31.459022,User_3,Branch_B,Night,Finance,30,3,8.35,9,0,Winter
E_122,Case_16,Approve,2024-12-16 09:28:31.459022,User_3,Branch_C,Afternoon,Finance,10,2,4.52,9,0,Winter
E_505,Case_67,Submit,2024-12-16 09:34:31.459022,User_2,Branch_C,Morning,IT,98,3,7.98,9,0,Winter
E_401,Case_53,Approve,2024-12-16 09:48:31.459022,User_1,Branch_C,Night,Operations,6,1,1.76,9,0,Winter
E_402,Case_53,Review,2024-12-16 09:59:31.459022,User_4,Branch_B,Night,HR,38,5,8.59,9,0,Winter
E_35,Case_5,Approve,2024-12-16 10:01:31.459022,User_3,Branch_B,Morning,HR,28,2,9.07,10,0,Winter
E_506,Case_67,Finalize,2024-12-16 10:06:31.459022,User_3,Branch_C,Morning,Operations,39,3,9.28,10,0,Winter
E_348,Case_45,Archive,2024-12-16 10:43:31.459022,User_2,Headquarters,Afternoon,Operations,42,3,1.41,10,0,Winter
E_36,Case_5,Approve,2024-12-16 10:51:31.459022,User_3,Branch_B,Night,HR,33,1,1.41,10,0,Winter
E_403,Case_53,Archive,2024-12-16 11:34:31.459022,User_3,Branch_B,Morning,Operations,57,5,3.24,11,0,Winter
E_37,Case_5,Review,2024-12-16 12:34:31.459022,User_3,Headquarters,Afternoon,HR,27,3,6.36,12,0,Winter
E_349,Case_45,Review,2024-12-16 12:37:31.459022,User_2,Headquarters,Afternoon,Operations,89,5,0.18,12,0,Winter
E_38,Case_5,Review,2024-12-16 14:19:31.459022,User_4,Headquarters,Afternoon,Operations,108,1,7.35,14,0,Winter
E_39,Case_5,Approve,2024-12-16 14:57:31.459022,User_1,Branch_B,Morning,Operations,115,4,9.94,14,0,Winter
E_410,Case_55,Submit,2024-12-17 04:51:31.459022,User_1,Branch_C,Night,IT,28,3,7.99,4,1,Winter
E_622,Case_84,Review,2024-12-17 04:51:31.459022,User_3,Branch_C,Afternoon,Finance,54,4,2.98,4,1,Winter
E_439,Case_59,Review,2024-12-17 04:51:31.459022,User_4,Headquarters,Afternoon,Operations,89,3,8.15,4,1,Winter
E_610,Case_82,Submit,2024-12-17 04:51:31.459022,User_3,Headquarters,Afternoon,HR,14,2,7.33,4,1,Winter
E_543,Case_73,Archive,2024-12-17 04:51:31.459022,User_4,Branch_A,Afternoon,Operations,52,2,1.04,4,1,Winter
E_440,Case_59,Archive,2024-12-17 05:21:31.459022,User_3,Branch_B,Night,IT,107,3,3.7,5,1,Winter
E_611,Case_82,Approve,2024-12-17 05:27:31.459022,User_1,Branch_A,Afternoon,Operations,14,4,3.27,5,1,Winter
E_544,Case_73,Finalize,2024-12-17 06:08:31.459022,User_2,Branch_A,Afternoon,Finance,98,2,2.79,6,1,Winter
E_411,Case_55,Approve,2024-12-17 06:10:31.459022,User_4,Branch_A,Afternoon,HR,99,3,8.14,6,1,Winter
E_545,Case_73,Approve,2024-12-17 06:18:31.459022,User_3,Branch_A,Night,IT,90,1,4.19,6,1,Winter
E_612,Case_82,Archive,2024-12-17 06:20:31.459022,User_1,Headquarters,Morning,IT,73,5,7.61,6,1,Winter
E_412,Case_55,Review,2024-12-17 06:21:31.459022,User_1,Branch_A,Afternoon,HR,56,3,0.61,6,1,Winter
E_441,Case_59,Review,2024-12-17 06:25:31.459022,User_3,Branch_C,Morning,HR,49,2,4.68,6,1,Winter
E_623,Case_84,Review,2024-12-17 06:45:31.459022,User_1,Branch_B,Morning,IT,73,1,9.87,6,1,Winter
E_613,Case_82,Approve,2024-12-17 07:00:31.459022,User_1,Headquarters,Night,IT,41,4,7.14,7,1,Winter
E_413,Case_55,Finalize,2024-12-17 07:09:31.459022,User_1,Branch_B,Afternoon,HR,47,2,1.5,7,1,Winter
E_442,Case_59,Review,2024-12-17 07:21:31.459022,User_2,Branch_B,Afternoon,HR,76,5,6.69,7,1,Winter
E_614,Case_82,Finalize,2024-12-17 07:58:31.459022,User_1,Branch_A,Night,IT,82,4,4.93,7,1,Winter
E_546,Case_73,Archive,2024-12-17 08:02:31.459022,User_2,Headquarters,Morning,IT,106,4,6.04,8,1,Winter
E_443,Case_59,Finalize,2024-12-17 08:05:31.459022,User_3,Branch_C,Afternoon,Finance,28,3,3.9,8,1,Winter
E_547,Case_73,Finalize,2024-12-17 08:11:31.459022,User_1,Branch_B,Morning,Operations,16,2,2.78,8,1,Winter
E_624,Case_84,Archive,2024-12-17 08:39:31.459022,User_3,Headquarters,Night,Operations,20,3,0.83,8,1,Winter
E_414,Case_55,Approve,2024-12-17 09:02:31.459022,User_2,Branch_A,Morning,HR,95,1,7.56,9,1,Winter
E_615,Case_82,Submit,2024-12-17 09:07:31.459022,User_4,Branch_C,Morning,HR,7,3,4.77,9,1,Winter
E_415,Case_55,Approve,2024-12-17 09:07:31.459022,User_1,Branch_B,Night,IT,56,1,0.22,9,1,Winter
E_625,Case_84,Submit,2024-12-17 09:34:31.459022,User_2,Branch_B,Night,Operations,94,3,3.17,9,1,Winter
E_548,Case_73,Submit,2024-12-17 09:42:31.459022,User_1,Branch_B,Afternoon,Operations,99,3,2.78,9,1,Winter
E_626,Case_84,Archive,2024-12-17 10:41:31.459022,User_3,Headquarters,Afternoon,IT,48,1,2.13,10,1,Winter
E_416,Case_55,Review,2024-12-17 10:47:31.459022,User_1,Headquarters,Morning,Finance,66,4,0.51,10,1,Winter
E_549,Case_73,Review,2024-12-17 11:09:31.459022,User_4,Branch_C,Afternoon,Finance,70,2,7.35,11,1,Winter
E_417,Case_55,Finalize,2024-12-17 11:27:31.459022,User_4,Headquarters,Night,Operations,4,4,7.33,11,1,Winter
E_550,Case_73,Finalize,2024-12-17 11:40:31.459022,User_4,Branch_C,Morning,Operations,68,3,3.98,11,1,Winter
E_627,Case_84,Submit,2024-12-17 11:47:31.459022,User_3,Branch_B,Afternoon,IT,20,3,6.58,11,1,Winter
E_551,Case_73,Submit,2024-12-17 12:36:31.459022,User_3,Branch_B,Morning,HR,59,2,6.6,12,1,Winter
E_628,Case_84,Review,2024-12-17 12:47:31.459022,User_3,Branch_B,Morning,HR,62,2,6.2,12,1,Winter
E_418,Case_55,Archive,2024-12-17 12:57:31.459022,User_1,Branch_B,Afternoon,Finance,44,1,6.87,12,1,Winter
E_419,Case_55,Approve,2024-12-17 13:16:31.459022,User_1,Branch_A,Afternoon,Finance,21,1,4.61,13,1,Winter
E_629,Case_84,Archive,2024-12-17 13:39:31.459022,User_2,Branch_B,Afternoon,IT,1,3,5.78,13,1,Winter
E_630,Case_84,Review,2024-12-17 15:20:31.459022,User_4,Branch_C,Afternoon,Finance,56,1,2.99,15,1,Winter
E_631,Case_84,Approve,2024-12-17 17:17:31.459022,User_4,Branch_C,Night,HR,59,2,0.65,17,1,Winter
E_668,Case_90,Archive,2024-12-18 04:51:31.459022,User_2,Branch_B,Morning,HR,41,5,6.49,4,2,Winter
E_249,Case_34,Review,2024-12-18 04:51:31.459022,User_4,Headquarters,Night,Operations,1,2,1.35,4,2,Winter
E_257,Case_35,Archive,2024-12-18 04:51:31.459022,User_4,Headquarters,Afternoon,HR,46,4,6.36,4,2,Winter
E_684,Case_92,Approve,2024-12-18 04:51:31.459022,User_4,Branch_B,Night,Finance,11,2,0.38,4,2,Winter
E_350,Case_46,Finalize,2024-12-18 04:51:31.459022,User_4,Branch_C,Night,Finance,50,4,2.15,4,2,Winter
E_56,Case_8,Finalize,2024-12-18 04:51:31.459022,User_2,Branch_C,Night,Finance,97,3,4.51,4,2,Winter
E_693,Case_93,Finalize,2024-12-18 04:51:31.459022,User_2,Branch_B,Morning,IT,106,4,7.59,4,2,Winter
E_685,Case_92,Review,2024-12-18 05:02:31.459022,User_1,Headquarters,Afternoon,Operations,29,5,7.76,5,2,Winter
E_694,Case_93,Archive,2024-12-18 05:32:31.459022,User_4,Headquarters,Afternoon,Operations,15,5,2.8,5,2,Winter
E_669,Case_90,Approve,2024-12-18 05:34:31.459022,User_4,Branch_A,Night,Finance,77,4,2.29,5,2,Winter
E_57,Case_8,Finalize,2024-12-18 05:45:31.459022,User_4,Branch_B,Afternoon,Operations,107,2,7.08,5,2,Winter
E_258,Case_35,Approve,2024-12-18 05:57:31.459022,User_4,Branch_B,Afternoon,IT,24,3,7.11,5,2,Winter
E_351,Case_46,Archive,2024-12-18 05:59:31.459022,User_2,Headquarters,Night,Finance,113,2,2.84,5,2,Winter
E_686,Case_92,Submit,2024-12-18 06:06:31.459022,User_1,Branch_C,Morning,Finance,69,4,4.58,6,2,Winter
E_687,Case_92,Approve,2024-12-18 06:12:31.459022,User_3,Headquarters,Night,Operations,78,4,2.75,6,2,Winter
E_259,Case_35,Review,2024-12-18 06:17:31.459022,User_4,Branch_B,Night,IT,41,1,5.93,6,2,Winter
E_58,Case_8,Submit,2024-12-18 06:37:31.459022,User_1,Branch_C,Morning,HR,65,2,9.32,6,2,Winter
E_250,Case_34,Submit,2024-12-18 06:44:31.459022,User_2,Branch_B,Morning,Finance,90,2,4.18,6,2,Winter
E_59,Case_8,Finalize,2024-12-18 06:56:31.459022,User_2,Branch_C,Night,IT,36,2,8.75,6,2,Winter
E_695,Case_93,Archive,2024-12-18 07:02:31.459022,User_1,Branch_C,Night,Finance,62,5,5.08,7,2,Winter
E_352,Case_46,Review,2024-12-18 07:06:31.459022,User_3,Headquarters,Morning,Finance,28,2,2.12,7,2,Winter
E_696,Case_93,Submit,2024-12-18 07:07:31.459022,User_1,Branch_C,Afternoon,IT,92,5,1.51,7,2,Winter
E_260,Case_35,Finalize,2024-12-18 07:12:31.459022,User_1,Headquarters,Night,IT,51,4,6.59,7,2,Winter
E_670,Case_90,Finalize,2024-12-18 07:21:31.459022,User_3,Headquarters,Afternoon,IT,69,2,7.51,7,2,Winter
E_688,Case_92,Archive,2024-12-18 07:37:31.459022,User_4,Branch_B,Afternoon,IT,17,5,8.46,7,2,Winter
E_697,Case_93,Archive,2024-12-18 07:47:31.459022,User_1,Branch_A,Morning,IT,110,4,3.49,7,2,Winter
E_353,Case_46,Finalize,2024-12-18 07:53:31.459022,User_3,Branch_B,Night,HR,14,3,7.5,7,2,Winter
E_354,Case_46,Submit,2024-12-18 07:55:31.459022,User_1,Branch_C,Afternoon,HR,53,2,3.51,7,2,Winter
E_251,Case_34,Finalize,2024-12-18 08:27:31.459022,User_4,Headquarters,Afternoon,Finance,110,2,4.57,8,2,Winter
E_698,Case_93,Archive,2024-12-18 08:27:31.459022,User_3,Branch_C,Afternoon,IT,29,5,7.12,8,2,Winter
E_261,Case_35,Archive,2024-12-18 08:37:31.459022,User_3,Branch_B,Morning,IT,59,2,5.55,8,2,Winter
E_60,Case_8,Approve,2024-12-18 08:54:31.459022,User_3,Headquarters,Night,IT,30,2,4.24,8,2,Winter
E_699,Case_93,Archive,2024-12-18 09:02:31.459022,User_4,Branch_A,Morning,IT,36,5,9.63,9,2,Winter
E_671,Case_90,Finalize,2024-12-18 09:09:31.459022,User_3,Branch_A,Night,HR,93,4,5.08,9,2,Winter
E_689,Case_92,Archive,2024-12-18 09:10:31.459022,User_2,Headquarters,Afternoon,Finance,98,2,8.47,9,2,Winter
E_252,Case_34,Submit,2024-12-18 09:45:31.459022,User_2,Branch_C,Afternoon,Finance,88,5,0.21,9,2,Winter
E_700,Case_93,Approve,2024-12-18 09:57:31.459022,User_2,Branch_B,Night,IT,15,1,2.06,9,2,Winter
E_262,Case_35,Review,2024-12-18 10:24:31.459022,User_4,Branch_C,Night,IT,90,2,1.49,10,2,Winter
E_61,Case_8,Finalize,2024-12-18 10:26:31.459022,User_1,Branch_B,Morning,IT,75,1,7.81,10,2,Winter
E_263,Case_35,Approve,2024-12-18 10:34:31.459022,User_3,Headquarters,Afternoon,Finance,82,2,9.88,10,2,Winter
E_672,Case_90,Submit,2024-12-18 10:34:31.459022,User_3,Branch_B,Night,IT,11,1,9.2,10,2,Winter
E_690,Case_92,Archive,2024-12-18 10:50:31.459022,User_2,Branch_A,Morning,Finance,69,3,5.77,10,2,Winter
E_253,Case_34,Archive,2024-12-18 11:22:31.459022,User_1,Headquarters,Night,HR,80,5,3.87,11,2,Winter
E_62,Case_8,Review,2024-12-18 11:26:31.459022,User_3,Branch_C,Morning,Operations,25,1,2.13,11,2,Winter
E_691,Case_92,Submit,2024-12-18 11:44:31.459022,User_2,Branch_B,Night,HR,85,4,6.37,11,2,Winter
E_264,Case_35,Submit,2024-12-18 11:46:31.459022,User_3,Branch_A,Night,HR,55,5,6.42,11,2,Winter
E_673,Case_90,Finalize,2024-12-18 11:52:31.459022,User_2,Branch_A,Morning,HR,43,4,8.71,11,2,Winter
E_63,Case_8,Finalize,2024-12-18 11:53:31.459022,User_1,Headquarters,Night,IT,19,1,5.6,11,2,Winter
E_692,Case_92,Finalize,2024-12-18 11:53:31.459022,User_2,Branch_C,Afternoon,IT,116,4,4.27,11,2,Winter
E_254,Case_34,Submit,2024-12-18 13:12:31.459022,User_4,Branch_C,Night,Operations,56,3,8.36,13,2,Winter
E_265,Case_35,Approve,2024-12-18 13:17:31.459022,User_3,Branch_A,Afternoon,Finance,51,2,4.84,13,2,Winter
E_674,Case_90,Finalize,2024-12-18 13:42:31.459022,User_1,Headquarters,Morning,Operations,24,5,8.25,13,2,Winter
E_255,Case_34,Review,2024-12-18 14:29:31.459022,User_3,Headquarters,Night,Operations,49,5,4.91,14,2,Winter
E_266,Case_35,Finalize,2024-12-18 14:44:31.459022,User_2,Headquarters,Morning,Operations,27,3,2.3,14,2,Winter
E_256,Case_34,Finalize,2024-12-18 15:36:31.459022,User_4,Branch_A,Night,IT,105,3,2.36,15,2,Winter
E_740,Case_99,Submit,2024-12-19 04:51:31.459022,User_4,Branch_B,Afternoon,IT,52,4,7.15,4,3,Winter
E_336,Case_44,Finalize,2024-12-19 04:51:31.459022,User_1,Branch_C,Night,IT,80,1,9.15,4,3,Winter
E_337,Case_44,Archive,2024-12-19 04:57:31.459022,User_1,Branch_C,Afternoon,IT,54,4,0.96,4,3,Winter
E_338,Case_44,Submit,2024-12-19 05:14:31.459022,User_2,Branch_B,Afternoon,Operations,84,4,0.26,5,3,Winter
E_339,Case_44,Finalize,2024-12-19 05:43:31.459022,User_3,Branch_A,Morning,HR,103,1,1.97,5,3,Winter
E_741,Case_99,Archive,2024-12-19 06:12:31.459022,User_1,Headquarters,Afternoon,Operations,96,1,9.0,6,3,Winter
E_340,Case_44,Approve,2024-12-19 07:22:31.459022,User_3,Branch_C,Morning,Operations,119,5,7.06,7,3,Winter
E_742,Case_99,Review,2024-12-19 07:39:31.459022,User_4,Branch_A,Morning,IT,32,2,8.57,7,3,Winter
E_341,Case_44,Submit,2024-12-19 07:47:31.459022,User_4,Branch_A,Morning,Finance,79,2,4.95,7,3,Winter
E_743,Case_99,Finalize,2024-12-19 09:29:31.459022,User_1,Headquarters,Morning,Operations,44,2,5.2,9,3,Winter
E_744,Case_99,Archive,2024-12-19 09:33:31.459022,User_2,Branch_C,Afternoon,Finance,84,4,3.15,9,3,Winter
E_745,Case_99,Review,2024-12-19 11:01:31.459022,User_4,Branch_B,Afternoon,IT,102,2,4.69,11,3,Winter
E_746,Case_99,Review,2024-12-19 12:27:31.459022,User_1,Branch_A,Morning,HR,90,3,4.67,12,3,Winter
E_747,Case_99,Finalize,2024-12-19 14:23:31.459022,User_3,Headquarters,Night,Finance,83,1,9.03,14,3,Winter
E_597,Case_80,Finalize,2024-12-20 04:51:31.459022,User_4,Branch_B,Morning,Operations,4,2,6.66,4,4,Winter
E_552,Case_74,Submit,2024-12-20 04:51:31.459022,User_2,Branch_C,Night,HR,10,1,8.25,4,4,Winter
E_646,Case_87,Finalize,2024-12-20 04:51:31.459022,User_2,Branch_B,Night,Operations,72,2,0.24,4,4,Winter
E_598,Case_80,Archive,2024-12-20 05:15:31.459022,User_3,Branch_B,Morning,HR,85,4,5.12,5,4,Winter
E_553,Case_74,Approve,2024-12-20 05:25:31.459022,User_1,Headquarters,Afternoon,Operations,51,2,4.64,5,4,Winter
E_647,Case_87,Finalize,2024-12-20 06:06:31.459022,User_2,Branch_C,Morning,HR,20,5,0.59,6,4,Winter
E_599,Case_80,Review,2024-12-20 06:52:31.459022,User_1,Branch_B,Morning,Operations,98,2,0.8,6,4,Winter
E_554,Case_74,Submit,2024-12-20 07:00:31.459022,User_3,Branch_B,Morning,Operations,112,1,3.51,7,4,Winter
E_648,Case_87,Review,2024-12-20 07:37:31.459022,User_3,Branch_B,Morning,Operations,16,4,2.12,7,4,Winter
E_555,Case_74,Submit,2024-12-20 08:05:31.459022,User_3,Branch_A,Night,HR,30,2,0.85,8,4,Winter
E_649,Case_87,Review,2024-12-20 08:11:31.459022,User_3,Branch_C,Night,IT,83,3,2.49,8,4,Winter
E_600,Case_80,Submit,2024-12-20 08:49:31.459022,User_4,Branch_A,Afternoon,Finance,15,1,7.73,8,4,Winter
E_650,Case_87,Approve,2024-12-20 09:15:31.459022,User_4,Branch_C,Morning,IT,113,5,5.75,9,4,Winter
E_556,Case_74,Approve,2024-12-20 09:59:31.459022,User_4,Headquarters,Afternoon,HR,118,3,6.07,9,4,Winter
E_601,Case_80,Review,2024-12-20 10:01:31.459022,User_3,Branch_C,Morning,IT,89,2,2.35,10,4,Winter
E_651,Case_87,Submit,2024-12-20 10:57:31.459022,User_2,Branch_B,Night,HR,67,4,6.65,10,4,Winter
E_652,Case_87,Archive,2024-12-20 11:51:31.459022,User_1,Branch_C,Morning,IT,54,3,1.16,11,4,Winter
E_557,Case_74,Submit,2024-12-20 11:53:31.459022,User_4,Branch_B,Night,IT,31,2,1.95,11,4,Winter
E_653,Case_87,Approve,2024-12-20 12:03:31.459022,User_4,Branch_C,Morning,Finance,28,1,9.15,12,4,Winter
E_558,Case_74,Review,2024-12-20 13:05:31.459022,User_4,Headquarters,Afternoon,Operations,108,5,2.12,13,4,Winter
E_559,Case_74,Submit,2024-12-20 13:37:31.459022,User_1,Branch_C,Morning,Finance,91,5,6.92,13,4,Winter
E_654,Case_87,Review,2024-12-20 13:56:31.459022,User_3,Branch_B,Morning,IT,59,4,4.5,13,4,Winter
E_560,Case_74,Approve,2024-12-20 15:10:31.459022,User_4,Branch_A,Morning,Operations,7,5,2.79,15,4,Winter
E_561,Case_74,Archive,2024-12-20 16:04:31.459022,User_2,Headquarters,Afternoon,Finance,69,2,1.93,16,4,Winter
E_138,Case_19,Review,2024-12-21 04:51:31.459022,User_1,Headquarters,Afternoon,IT,8,1,6.19,4,5,Winter
E_291,Case_39,Archive,2024-12-21 04:51:31.459022,User_2,Branch_C,Afternoon,Finance,35,2,2.86,4,5,Winter
E_733,Case_98,Archive,2024-12-21 04:51:31.459022,User_2,Branch_B,Morning,Finance,58,3,5.42,4,5,Winter
E_580,Case_78,Finalize,2024-12-21 04:51:31.459022,User_4,Branch_B,Night,IT,107,5,9.02,4,5,Winter
E_734,Case_98,Submit,2024-12-21 04:57:31.459022,User_2,Branch_A,Morning,IT,110,3,9.7,4,5,Winter
E_581,Case_78,Approve,2024-12-21 05:25:31.459022,User_2,Branch_B,Morning,IT,73,5,7.64,5,5,Winter
E_292,Case_39,Approve,2024-12-21 06:06:31.459022,User_4,Headquarters,Morning,Finance,23,3,0.86,6,5,Winter
E_139,Case_19,Submit,2024-12-21 06:08:31.459022,User_2,Branch_C,Afternoon,Finance,116,5,6.49,6,5,Winter
E_735,Case_98,Submit,2024-12-21 06:13:31.459022,User_1,Headquarters,Afternoon,Operations,8,2,8.89,6,5,Winter
E_736,Case_98,Review,2024-12-21 06:16:31.459022,User_2,Branch_A,Night,Finance,23,2,8.02,6,5,Winter
E_140,Case_19,Approve,2024-12-21 07:09:31.459022,User_1,Branch_B,Afternoon,Finance,78,4,5.33,7,5,Winter
E_582,Case_78,Submit,2024-12-21 07:20:31.459022,User_2,Branch_B,Afternoon,HR,61,2,0.54,7,5,Winter
E_293,Case_39,Finalize,2024-12-21 07:20:31.459022,User_3,Headquarters,Morning,Finance,111,4,4.19,7,5,Winter
E_737,Case_98,Finalize,2024-12-21 07:27:31.459022,User_4,Branch_C,Morning,Finance,59,2,1.8,7,5,Winter
E_141,Case_19,Review,2024-12-21 07:35:31.459022,User_3,Branch_C,Morning,Operations,107,3,2.08,7,5,Winter
E_583,Case_78,Submit,2024-12-21 08:02:31.459022,User_2,Branch_B,Afternoon,Finance,46,4,4.42,8,5,Winter
E_738,Case_98,Finalize,2024-12-21 08:42:31.459022,User_1,Branch_C,Afternoon,Finance,21,3,2.19,8,5,Winter
E_142,Case_19,Review,2024-12-21 08:44:31.459022,User_2,Branch_C,Afternoon,IT,117,2,1.15,8,5,Winter
E_143,Case_19,Archive,2024-12-21 08:46:31.459022,User_3,Branch_C,Morning,HR,84,1,5.72,8,5,Winter
E_294,Case_39,Review,2024-12-21 08:48:31.459022,User_2,Headquarters,Night,Finance,104,2,6.18,8,5,Winter
E_295,Case_39,Review,2024-12-21 09:53:31.459022,User_1,Headquarters,Night,Finance,17,2,7.87,9,5,Winter
E_296,Case_39,Finalize,2024-12-21 09:54:31.459022,User_4,Headquarters,Morning,Operations,114,4,5.08,9,5,Winter
E_584,Case_78,Submit,2024-12-21 09:56:31.459022,User_3,Branch_B,Morning,Operations,108,2,3.42,9,5,Winter
E_739,Case_98,Review,2024-12-21 10:41:31.459022,User_1,Branch_C,Afternoon,IT,99,4,8.05,10,5,Winter
E_585,Case_78,Finalize,2024-12-21 10:44:31.459022,User_2,Headquarters,Night,HR,92,3,6.3,10,5,Winter
E_586,Case_78,Review,2024-12-21 11:10:31.459022,User_1,Branch_A,Night,Operations,6,1,1.05,11,5,Winter
E_297,Case_39,Approve,2024-12-21 11:49:31.459022,User_1,Branch_A,Afternoon,Finance,103,1,3.07,11,5,Winter
E_587,Case_78,Archive,2024-12-21 12:34:31.459022,User_3,Branch_C,Afternoon,Finance,93,4,7.27,12,5,Winter
E_298,Case_39,Archive,2024-12-21 13:23:31.459022,User_3,Branch_C,Morning,Operations,28,5,5.76,13,5,Winter
E_588,Case_78,Submit,2024-12-21 13:32:31.459022,User_2,Branch_C,Morning,IT,30,2,7.11,13,5,Winter
E_299,Case_39,Approve,2024-12-21 13:49:31.459022,User_1,Branch_B,Afternoon,HR,12,3,3.66,13,5,Winter
E_300,Case_39,Submit,2024-12-21 14:20:31.459022,User_4,Branch_A,Night,IT,18,4,2.39,14,5,Winter
E_527,Case_71,Finalize,2024-12-22 04:51:31.459022,User_1,Branch_B,Night,Operations,71,4,9.75,4,6,Winter
E_574,Case_77,Archive,2024-12-22 04:51:31.459022,User_4,Headquarters,Morning,IT,66,1,8.23,4,6,Winter
E_420,Case_56,Submit,2024-12-22 04:51:31.459022,User_1,Headquarters,Afternoon,HR,21,5,1.0,4,6,Winter
E_675,Case_91,Archive,2024-12-22 04:51:31.459022,User_3,Branch_C,Afternoon,IT,7,4,8.16,4,6,Winter
E_383,Case_51,Review,2024-12-22 04:51:31.459022,User_1,Branch_A,Afternoon,IT,84,3,3.76,4,6,Winter
E_575,Case_77,Archive,2024-12-22 05:08:31.459022,User_2,Branch_A,Night,HR,75,1,1.82,5,6,Winter
E_384,Case_51,Review,2024-12-22 05:22:31.459022,User_4,Headquarters,Afternoon,HR,81,2,0.6,5,6,Winter
E_676,Case_91,Submit,2024-12-22 05:56:31.459022,User_1,Branch_A,Morning,Operations,49,2,2.53,5,6,Winter
E_421,Case_56,Archive,2024-12-22 05:56:31.459022,User_1,Branch_B,Afternoon,Operations,28,4,1.03,5,6,Winter
E_528,Case_71,Approve,2024-12-22 06:10:31.459022,User_2,Branch_A,Night,IT,80,2,4.51,6,6,Winter
E_576,Case_77,Approve,2024-12-22 06:16:31.459022,User_1,Branch_A,Morning,Operations,24,5,2.94,6,6,Winter
E_529,Case_71,Review,2024-12-22 06:18:31.459022,User_3,Branch_B,Night,HR,107,4,1.15,6,6,Winter
E_577,Case_77,Submit,2024-12-22 06:53:31.459022,User_2,Branch_A,Afternoon,HR,103,1,3.19,6,6,Winter
E_385,Case_51,Finalize,2024-12-22 06:55:31.459022,User_2,Headquarters,Morning,IT,5,4,3.51,6,6,Winter
E_422,Case_56,Review,2024-12-22 07:21:31.459022,User_4,Branch_C,Night,Operations,68,3,8.91,7,6,Winter
E_578,Case_77,Submit,2024-12-22 07:41:31.459022,User_1,Headquarters,Night,IT,53,3,2.09,7,6,Winter
E_677,Case_91,Approve,2024-12-22 07:44:31.459022,User_2,Branch_C,Night,Finance,117,2,5.07,7,6,Winter
E_530,Case_71,Review,2024-12-22 07:55:31.459022,User_3,Branch_C,Afternoon,HR,39,1,0.66,7,6,Winter
E_678,Case_91,Submit,2024-12-22 08:29:31.459022,User_1,Branch_A,Morning,Finance,33,2,5.46,8,6,Winter
E_423,Case_56,Archive,2024-12-22 08:34:31.459022,User_4,Branch_C,Morning,Operations,12,1,9.43,8,6,Winter
E_386,Case_51,Submit,2024-12-22 08:36:31.459022,User_1,Headquarters,Night,Operations,4,5,9.91,8,6,Winter
E_579,Case_77,Approve,2024-12-22 08:58:31.459022,User_3,Branch_B,Afternoon,Operations,22,3,4.76,8,6,Winter
E_531,Case_71,Approve,2024-12-22 09:32:31.459022,User_1,Branch_C,Night,Finance,5,4,1.16,9,6,Winter
E_532,Case_71,Submit,2024-12-22 09:38:31.459022,User_4,Headquarters,Night,Finance,50,4,7.48,9,6,Winter
E_387,Case_51,Approve,2024-12-22 09:57:31.459022,User_2,Branch_C,Morning,Finance,24,3,0.46,9,6,Winter
E_424,Case_56,Approve,2024-12-22 10:03:31.459022,User_2,Branch_A,Afternoon,IT,77,4,7.73,10,6,Winter
E_679,Case_91,Archive,2024-12-22 10:22:31.459022,User_4,Branch_B,Night,IT,98,2,4.19,10,6,Winter
E_680,Case_91,Archive,2024-12-22 10:27:31.459022,User_3,Branch_B,Night,IT,119,1,7.33,10,6,Winter
E_533,Case_71,Review,2024-12-22 10:59:31.459022,User_2,Branch_B,Night,HR,102,1,1.37,10,6,Winter
E_388,Case_51,Submit,2024-12-22 11:09:31.459022,User_2,Branch_C,Afternoon,Operations,107,3,4.91,11,6,Winter
E_425,Case_56,Submit,2024-12-22 11:40:31.459022,User_1,Branch_B,Morning,Operations,104,4,0.32,11,6,Winter
E_681,Case_91,Archive,2024-12-22 11:47:31.459022,User_2,Headquarters,Afternoon,Finance,15,2,1.18,11,6,Winter
E_389,Case_51,Review,2024-12-22 12:54:31.459022,User_4,Branch_B,Morning,Operations,75,3,6.65,12,6,Winter
E_682,Case_91,Finalize,2024-12-22 13:02:31.459022,User_1,Branch_C,Afternoon,Finance,21,2,7.78,13,6,Winter
E_683,Case_91,Submit,2024-12-22 13:48:31.459022,User_3,Branch_B,Morning,IT,32,3,6.49,13,6,Winter
E_534,Case_72,Archive,2024-12-23 04:51:31.459022,User_2,Branch_B,Night,IT,82,1,2.41,4,0,Winter
E_188,Case_26,Submit,2024-12-23 04:51:31.459022,User_1,Branch_B,Afternoon,Operations,22,2,2.41,4,0,Winter
E_488,Case_66,Archive,2024-12-23 04:51:31.459022,User_2,Branch_B,Morning,Finance,32,1,6.73,4,0,Winter
E_326,Case_43,Archive,2024-12-23 04:51:31.459022,User_3,Branch_B,Night,Finance,57,4,1.76,4,0,Winter
E_183,Case_25,Finalize,2024-12-23 04:51:31.459022,User_1,Branch_B,Afternoon,HR,96,5,5.57,4,0,Winter
E_489,Case_66,Review,2024-12-23 05:01:31.459022,User_1,Branch_A,Morning,IT,69,3,0.21,5,0,Winter
E_535,Case_72,Submit,2024-12-23 05:32:31.459022,User_1,Branch_A,Morning,Finance,13,3,0.42,5,0,Winter
E_327,Case_43,Submit,2024-12-23 05:35:31.459022,User_4,Branch_C,Afternoon,HR,103,1,9.11,5,0,Winter
E_189,Case_26,Review,2024-12-23 05:52:31.459022,User_2,Headquarters,Night,IT,103,1,3.27,5,0,Winter
E_190,Case_26,Approve,2024-12-23 05:57:31.459022,User_1,Branch_C,Night,HR,53,1,9.89,5,0,Winter
E_191,Case_26,Submit,2024-12-23 06:41:31.459022,User_1,Branch_A,Afternoon,IT,82,2,0.85,6,0,Winter
E_490,Case_66,Archive,2024-12-23 06:44:31.459022,User_3,Branch_B,Afternoon,HR,52,4,5.95,6,0,Winter
E_192,Case_26,Archive,2024-12-23 06:45:31.459022,User_1,Branch_C,Night,IT,3,2,6.12,6,0,Winter
E_184,Case_25,Approve,2024-12-23 06:48:31.459022,User_1,Branch_B,Afternoon,HR,1,1,5.27,6,0,Winter
E_491,Case_66,Submit,2024-12-23 07:07:31.459022,User_1,Branch_B,Morning,HR,29,4,2.89,7,0,Winter
E_328,Case_43,Submit,2024-12-23 07:10:31.459022,User_4,Branch_B,Afternoon,HR,4,3,3.74,7,0,Winter
E_536,Case_72,Archive,2024-12-23 07:21:31.459022,User_4,Headquarters,Afternoon,HR,51,1,1.83,7,0,Winter
E_193,Case_26,Approve,2024-12-23 07:33:31.459022,User_1,Branch_B,Morning,Operations,63,3,7.36,7,0,Winter
E_194,Case_26,Finalize,2024-12-23 07:52:31.459022,User_3,Branch_B,Morning,HR,63,5,6.45,7,0,Winter
E_492,Case_66,Archive,2024-12-23 08:33:31.459022,User_3,Branch_A,Morning,IT,42,4,1.57,8,0,Winter
E_537,Case_72,Finalize,2024-12-23 08:35:31.459022,User_2,Headquarters,Morning,HR,57,1,8.47,8,0,Winter
E_329,Case_43,Finalize,2024-12-23 08:39:31.459022,User_2,Branch_B,Afternoon,IT,58,3,4.57,8,0,Winter
E_185,Case_25,Submit,2024-12-23 08:46:31.459022,User_2,Branch_B,Night,Finance,5,1,4.25,8,0,Winter
E_195,Case_26,Submit,2024-12-23 08:50:31.459022,User_1,Branch_C,Morning,Finance,41,3,8.71,8,0,Winter
E_330,Case_43,Approve,2024-12-23 09:23:31.459022,User_2,Branch_B,Night,HR,73,1,2.92,9,0,Winter
E_538,Case_72,Archive,2024-12-23 09:32:31.459022,User_2,Branch_C,Morning,Operations,8,2,4.7,9,0,Winter
E_196,Case_26,Submit,2024-12-23 09:35:31.459022,User_1,Branch_A,Night,IT,60,5,1.52,9,0,Winter
E_331,Case_43,Submit,2024-12-23 09:42:31.459022,User_2,Branch_A,Morning,HR,64,3,3.89,9,0,Winter
E_493,Case_66,Finalize,2024-12-23 09:56:31.459022,User_4,Branch_A,Night,IT,106,1,2.91,9,0,Winter
E_494,Case_66,Finalize,2024-12-23 09:57:31.459022,User_3,Headquarters,Afternoon,HR,21,5,2.81,9,0,Winter
E_495,Case_66,Finalize,2024-12-23 10:17:31.459022,User_1,Branch_B,Morning,HR,68,5,2.68,10,0,Winter
E_496,Case_66,Archive,2024-12-23 10:18:31.459022,User_4,Branch_B,Morning,IT,16,5,9.28,10,0,Winter
E_539,Case_72,Approve,2024-12-23 10:26:31.459022,User_4,Headquarters,Night,Operations,114,3,1.91,10,0,Winter
E_186,Case_25,Archive,2024-12-23 10:34:31.459022,User_1,Branch_B,Afternoon,Finance,14,2,8.51,10,0,Winter
E_332,Case_43,Finalize,2024-12-23 10:51:31.459022,User_3,Headquarters,Night,Operations,84,3,1.39,10,0,Winter
E_333,Case_43,Review,2024-12-23 11:02:31.459022,User_2,Headquarters,Morning,HR,16,1,5.51,11,0,Winter
E_187,Case_25,Submit,2024-12-23 11:15:31.459022,User_4,Branch_C,Morning,Finance,101,5,3.61,11,0,Winter
E_540,Case_72,Submit,2024-12-23 11:35:31.459022,User_2,Headquarters,Morning,HR,59,4,0.44,11,0,Winter
E_497,Case_66,Review,2024-12-23 11:58:31.459022,User_2,Headquarters,Afternoon,Operations,59,3,2.6,11,0,Winter
E_334,Case_43,Finalize,2024-12-23 12:31:31.459022,User_2,Headquarters,Afternoon,HR,32,5,7.96,12,0,Winter
E_541,Case_72,Approve,2024-12-23 13:32:31.459022,User_4,Branch_C,Night,Operations,16,1,5.48,13,0,Winter
E_335,Case_43,Review,2024-12-23 13:43:31.459022,User_2,Branch_A,Night,HR,110,5,0.38,13,0,Winter
E_542,Case_72,Archive,2024-12-23 14:44:31.459022,User_4,Branch_A,Night,Operations,102,5,4.23,14,0,Winter
E_9,Case_2,Approve,2024-12-24 04:51:31.459022,User_2,Branch_B,Morning,IT,87,5,8.16,4,1,Winter
E_224,Case_31,Finalize,2024-12-24 04:51:31.459022,User_1,Branch_C,Morning,Operations,35,1,2.63,4,1,Winter
E_390,Case_52,Approve,2024-12-24 04:51:31.459022,User_3,Branch_A,Morning,Finance,51,1,5.72,4,1,Winter
E_632,Case_85,Review,2024-12-24 04:51:31.459022,User_4,Branch_C,Morning,Operations,94,4,2.1,4,1,Winter
E_391,Case_52,Review,2024-12-24 05:18:31.459022,User_2,Headquarters,Afternoon,IT,32,1,4.18,5,1,Winter
E_225,Case_31,Approve,2024-12-24 05:41:31.459022,User_1,Branch_C,Afternoon,HR,28,3,2.4,5,1,Winter
E_226,Case_31,Finalize,2024-12-24 06:12:31.459022,User_3,Branch_C,Afternoon,Operations,113,4,0.51,6,1,Winter
E_633,Case_85,Approve,2024-12-24 06:34:31.459022,User_3,Branch_A,Afternoon,HR,47,4,7.97,6,1,Winter
E_10,Case_2,Finalize,2024-12-24 06:39:31.459022,User_3,Branch_B,Night,Operations,57,5,3.34,6,1,Winter
E_11,Case_2,Finalize,2024-12-24 06:56:31.459022,User_4,Headquarters,Night,Finance,63,1,3.39,6,1,Winter
E_392,Case_52,Archive,2024-12-24 07:10:31.459022,User_2,Branch_A,Afternoon,HR,72,4,4.71,7,1,Winter
E_227,Case_31,Approve,2024-12-24 07:45:31.459022,User_1,Branch_B,Night,IT,42,5,5.83,7,1,Winter
E_634,Case_85,Finalize,2024-12-24 07:53:31.459022,User_4,Branch_C,Morning,HR,65,4,6.76,7,1,Winter
E_393,Case_52,Approve,2024-12-24 08:01:31.459022,User_1,Headquarters,Afternoon,Finance,90,1,2.07,8,1,Winter
E_12,Case_2,Submit,2024-12-24 08:15:31.459022,User_2,Branch_A,Morning,Finance,65,2,6.02,8,1,Winter
E_635,Case_85,Review,2024-12-24 08:28:31.459022,User_2,Branch_B,Afternoon,IT,104,3,5.7,8,1,Winter
E_228,Case_31,Finalize,2024-12-24 08:38:31.459022,User_2,Branch_C,Night,HR,75,3,1.79,8,1,Winter
E_229,Case_31,Submit,2024-12-24 09:06:31.459022,User_3,Headquarters,Afternoon,IT,119,1,4.34,9,1,Winter
E_394,Case_52,Approve,2024-12-24 09:41:31.459022,User_2,Branch_A,Night,Operations,55,5,9.72,9,1,Winter
E_636,Case_85,Finalize,2024-12-24 09:45:31.459022,User_3,Branch_B,Night,IT,2,4,5.29,9,1,Winter
E_13,Case_2,Review,2024-12-24 10:04:31.459022,User_3,Branch_A,Afternoon,Operations,39,3,9.69,10,1,Winter
E_230,Case_31,Approve,2024-12-24 10:17:31.459022,User_1,Branch_A,Night,Finance,102,4,5.04,10,1,Winter
E_395,Case_52,Submit,2024-12-24 11:20:31.459022,User_3,Branch_A,Night,Finance,66,3,5.97,11,1,Winter
E_14,Case_2,Archive,2024-12-24 11:23:31.459022,User_1,Headquarters,Afternoon,IT,30,3,4.77,11,1,Winter
E_396,Case_52,Finalize,2024-12-24 13:09:31.459022,User_2,Branch_C,Afternoon,Operations,84,4,6.92,13,1,Winter
E_711,Case_95,Review,2024-12-25 04:51:31.459022,User_4,Branch_C,Morning,Operations,3,3,1.87,4,2,Winter
E_84,Case_12,Submit,2024-12-25 04:51:31.459022,User_3,Branch_A,Morning,HR,76,3,8.52,4,2,Winter
E_319,Case_42,Archive,2024-12-25 04:51:31.459022,User_1,Branch_B,Morning,Operations,71,4,2.97,4,2,Winter
E_719,Case_96,Review,2024-12-25 04:51:31.459022,User_1,Branch_C,Afternoon,IT,57,1,2.53,4,2,Winter
E_720,Case_96,Review,2024-12-25 04:59:31.459022,User_1,Branch_C,Afternoon,Operations,1,4,7.53,4,2,Winter
E_721,Case_96,Finalize,2024-12-25 05:01:31.459022,User_3,Branch_B,Night,Operations,9,4,9.0,5,2,Winter
E_722,Case_96,Review,2024-12-25 05:46:31.459022,User_3,Branch_A,Morning,Operations,32,3,1.91,5,2,Winter
E_712,Case_95,Approve,2024-12-25 05:51:31.459022,User_1,Branch_B,Night,HR,74,4,9.35,5,2,Winter
E_320,Case_42,Approve,2024-12-25 06:24:31.459022,User_3,Branch_C,Morning,IT,111,4,0.11,6,2,Winter
E_85,Case_12,Review,2024-12-25 06:37:31.459022,User_2,Branch_C,Afternoon,HR,114,5,2.11,6,2,Winter
E_86,Case_12,Finalize,2024-12-25 06:47:31.459022,User_4,Branch_C,Morning,HR,102,3,5.48,6,2,Winter
E_723,Case_96,Finalize,2024-12-25 07:03:31.459022,User_3,Headquarters,Morning,IT,99,4,7.45,7,2,Winter
E_321,Case_42,Approve,2024-12-25 07:34:31.459022,User_2,Branch_A,Afternoon,Operations,19,2,3.58,7,2,Winter
E_713,Case_95,Archive,2024-12-25 07:48:31.459022,User_3,Branch_A,Night,Operations,50,2,7.66,7,2,Winter
E_724,Case_96,Finalize,2024-12-25 08:02:31.459022,User_4,Branch_C,Night,IT,116,1,3.98,8,2,Winter
E_87,Case_12,Archive,2024-12-25 08:05:31.459022,User_1,Branch_C,Afternoon,IT,120,4,5.9,8,2,Winter
E_88,Case_12,Archive,2024-12-25 08:11:31.459022,User_1,Headquarters,Night,Finance,51,1,8.39,8,2,Winter
E_725,Case_96,Archive,2024-12-25 08:40:31.459022,User_3,Branch_A,Afternoon,Finance,22,3,1.79,8,2,Winter
E_89,Case_12,Approve,2024-12-25 09:09:31.459022,User_1,Branch_C,Night,IT,27,5,2.57,9,2,Winter
E_726,Case_96,Archive,2024-12-25 09:11:31.459022,User_3,Branch_A,Afternoon,Operations,64,5,7.98,9,2,Winter
E_714,Case_95,Submit,2024-12-25 09:14:31.459022,User_3,Headquarters,Morning,IT,58,4,6.81,9,2,Winter
E_322,Case_42,Review,2024-12-25 09:18:31.459022,User_4,Headquarters,Morning,IT,108,4,1.45,9,2,Winter
E_715,Case_95,Approve,2024-12-25 09:36:31.459022,User_2,Branch_C,Morning,Operations,102,5,7.42,9,2,Winter
E_90,Case_12,Submit,2024-12-25 10:00:31.459022,User_1,Branch_A,Afternoon,HR,77,1,1.54,10,2,Winter
E_716,Case_95,Finalize,2024-12-25 10:34:31.459022,User_4,Branch_B,Morning,Operations,43,5,6.15,10,2,Winter
E_323,Case_42,Archive,2024-12-25 11:14:31.459022,User_2,Branch_A,Night,IT,41,4,6.97,11,2,Winter
E_91,Case_12,Review,2024-12-25 11:57:31.459022,User_1,Branch_A,Night,HR,92,5,9.48,11,2,Winter
E_324,Case_42,Submit,2024-12-25 12:21:31.459022,User_3,Headquarters,Morning,Finance,61,3,5.1,12,2,Winter
E_717,Case_95,Finalize,2024-12-25 12:22:31.459022,User_4,Branch_A,Morning,Operations,55,1,7.32,12,2,Winter
E_325,Case_42,Archive,2024-12-25 13:08:31.459022,User_4,Headquarters,Morning,Finance,11,5,1.3,13,2,Winter
E_718,Case_95,Review,2024-12-25 14:09:31.459022,User_2,Branch_A,Morning,Operations,62,5,4.66,14,2,Winter
E_167,Case_23,Finalize,2024-12-26 04:51:31.459022,User_1,Branch_A,Afternoon,HR,116,2,0.67,4,3,Winter
E_40,Case_6,Approve,2024-12-26 04:51:31.459022,User_4,Branch_B,Afternoon,Finance,70,1,5.63,4,3,Winter
E_562,Case_75,Approve,2024-12-26 04:51:31.459022,User_2,Branch_C,Night,Operations,9,3,2.73,4,3,Winter
E_434,Case_58,Submit,2024-12-26 04:51:31.459022,User_1,Branch_B,Morning,HR,105,4,3.47,4,3,Winter
E_48,Case_7,Review,2024-12-26 04:51:31.459022,User_1,Branch_A,Night,Finance,50,3,7.93,4,3,Winter
E_41,Case_6,Approve,2024-12-26 04:59:31.459022,User_4,Branch_A,Afternoon,Operations,33,5,6.76,4,3,Winter
E_563,Case_75,Finalize,2024-12-26 05:13:31.459022,User_4,Headquarters,Afternoon,HR,104,1,5.99,5,3,Winter
E_435,Case_58,Archive,2024-12-26 06:08:31.459022,User_2,Branch_A,Morning,Finance,72,4,9.05,6,3,Winter
E_42,Case_6,Finalize,2024-12-26 06:10:31.459022,User_4,Branch_A,Night,Finance,6,5,9.13,6,3,Winter
E_49,Case_7,Finalize,2024-12-26 06:14:31.459022,User_4,Branch_A,Morning,Operations,50,5,7.42,6,3,Winter
E_43,Case_6,Review,2024-12-26 06:16:31.459022,User_3,Branch_C,Night,IT,32,5,8.43,6,3,Winter
E_168,Case_23,Finalize,2024-12-26 06:32:31.459022,User_3,Branch_C,Morning,Operations,81,5,0.49,6,3,Winter
E_436,Case_58,Finalize,2024-12-26 06:57:31.459022,User_4,Branch_A,Night,Operations,9,4,2.31,6,3,Winter
E_564,Case_75,Approve,2024-12-26 07:08:31.459022,User_2,Branch_A,Night,HR,44,5,6.66,7,3,Winter
E_169,Case_23,Approve,2024-12-26 07:12:31.459022,User_3,Branch_C,Night,HR,97,4,0.6,7,3,Winter
E_170,Case_23,Review,2024-12-26 07:21:31.459022,User_2,Branch_A,Night,Operations,78,4,9.51,7,3,Winter
E_565,Case_75,Archive,2024-12-26 07:32:31.459022,User_3,Branch_C,Morning,HR,97,1,2.4,7,3,Winter
E_50,Case_7,Approve,2024-12-26 07:36:31.459022,User_4,Branch_C,Afternoon,Operations,101,1,9.5,7,3,Winter
E_171,Case_23,Approve,2024-12-26 07:56:31.459022,User_2,Branch_A,Morning,Operations,4,3,2.46,7,3,Winter
E_44,Case_6,Finalize,2024-12-26 08:07:31.459022,User_2,Branch_C,Morning,Operations,32,5,2.11,8,3,Winter
E_45,Case_6,Archive,2024-12-26 08:21:31.459022,User_4,Branch_B,Afternoon,Finance,106,1,0.19,8,3,Winter
E_437,Case_58,Approve,2024-12-26 08:35:31.459022,User_3,Headquarters,Morning,Operations,7,2,3.6,8,3,Winter
E_566,Case_75,Submit,2024-12-26 08:48:31.459022,User_2,Branch_B,Morning,IT,77,5,2.27,8,3,Winter
E_51,Case_7,Archive,2024-12-26 09:06:31.459022,User_3,Branch_B,Afternoon,HR,86,4,6.69,9,3,Winter
E_46,Case_6,Finalize,2024-12-26 09:27:31.459022,User_3,Branch_C,Night,IT,56,4,2.37,9,3,Winter
E_172,Case_23,Review,2024-12-26 09:44:31.459022,User_4,Branch_B,Morning,IT,34,5,2.57,9,3,Winter
E_52,Case_7,Review,2024-12-26 10:06:31.459022,User_4,Branch_A,Morning,HR,115,5,1.46,10,3,Winter
E_47,Case_6,Finalize,2024-12-26 10:10:31.459022,User_1,Headquarters,Morning,Operations,99,2,1.11,10,3,Winter
E_438,Case_58,Finalize,2024-12-26 10:12:31.459022,User_2,Headquarters,Morning,HR,9,1,1.68,10,3,Winter
E_173,Case_23,Archive,2024-12-26 10:21:31.459022,User_1,Branch_B,Morning,IT,100,2,2.14,10,3,Winter
E_174,Case_23,Approve,2024-12-26 10:34:31.459022,User_2,Branch_B,Afternoon,Finance,80,5,3.69,10,3,Winter
E_53,Case_7,Submit,2024-12-26 11:26:31.459022,User_4,Branch_B,Afternoon,Operations,25,2,3.23,11,3,Winter
E_175,Case_23,Archive,2024-12-26 11:31:31.459022,User_1,Branch_A,Night,IT,9,5,2.85,11,3,Winter
E_54,Case_7,Approve,2024-12-26 13:20:31.459022,User_1,Branch_B,Night,HR,23,5,8.8,13,3,Winter
E_55,Case_7,Review,2024-12-26 13:39:31.459022,User_1,Headquarters,Night,IT,80,4,9.9,13,3,Winter
E_97,Case_14,Submit,2024-12-27 04:51:31.459022,User_1,Branch_C,Afternoon,HR,48,2,1.44,4,4,Winter
E_203,Case_28,Finalize,2024-12-27 04:51:31.459022,User_3,Headquarters,Night,Finance,94,4,7.81,4,4,Winter
E_204,Case_28,Review,2024-12-27 05:19:31.459022,User_3,Branch_A,Afternoon,IT,87,4,8.03,5,4,Winter
E_98,Case_14,Finalize,2024-12-27 05:44:31.459022,User_2,Headquarters,Night,Operations,13,3,8.3,5,4,Winter
E_205,Case_28,Review,2024-12-27 05:48:31.459022,User_1,Branch_A,Night,Operations,87,4,4.03,5,4,Winter
E_206,Case_28,Approve,2024-12-27 06:04:31.459022,User_2,Branch_C,Afternoon,IT,65,5,0.48,6,4,Winter
E_99,Case_14,Approve,2024-12-27 06:13:31.459022,User_4,Branch_C,Afternoon,Finance,69,3,2.11,6,4,Winter
E_100,Case_14,Approve,2024-12-27 07:01:31.459022,User_1,Branch_A,Afternoon,Finance,66,1,3.07,7,4,Winter
E_101,Case_14,Archive,2024-12-27 07:15:31.459022,User_2,Branch_B,Afternoon,Operations,102,2,4.21,7,4,Winter
E_207,Case_28,Submit,2024-12-27 07:56:31.459022,User_4,Branch_B,Morning,Operations,19,3,2.78,7,4,Winter
E_102,Case_14,Review,2024-12-27 09:04:31.459022,User_1,Branch_C,Night,IT,76,5,3.06,9,4,Winter
E_208,Case_28,Finalize,2024-12-27 09:23:31.459022,User_4,Branch_C,Morning,IT,83,5,2.97,9,4,Winter
E_209,Case_28,Approve,2024-12-27 10:33:31.459022,User_2,Branch_C,Afternoon,Finance,63,5,8.63,10,4,Winter
E_103,Case_14,Submit,2024-12-27 10:50:31.459022,User_4,Headquarters,Morning,Finance,76,5,5.67,10,4,Winter
E_210,Case_28,Finalize,2024-12-27 11:29:31.459022,User_2,Branch_B,Afternoon,IT,95,2,6.45,11,4,Winter
E_104,Case_14,Finalize,2024-12-27 11:51:31.459022,User_1,Headquarters,Afternoon,IT,24,5,1.16,11,4,Winter
E_105,Case_14,Finalize,2024-12-27 12:24:31.459022,User_2,Headquarters,Afternoon,HR,13,1,9.75,12,4,Winter
E_211,Case_28,Finalize,2024-12-27 12:30:31.459022,User_1,Headquarters,Night,Finance,19,4,9.98,12,4,Winter
E_212,Case_28,Archive,2024-12-27 13:16:31.459022,User_4,Branch_B,Night,Finance,74,1,4.05,13,4,Winter
E_106,Case_14,Approve,2024-12-27 13:40:31.459022,User_3,Branch_A,Afternoon,Operations,9,5,3.28,13,4,Winter
E_281,Case_38,Archive,2024-12-28 04:51:31.459022,User_3,Branch_A,Afternoon,Finance,83,3,9.94,4,5,Winter
E_378,Case_50,Finalize,2024-12-28 04:51:31.459022,User_3,Headquarters,Morning,IT,44,1,5.51,4,5,Winter
E_282,Case_38,Archive,2024-12-28 04:55:31.459022,User_1,Branch_B,Night,Operations,54,5,7.97,4,5,Winter
E_379,Case_50,Finalize,2024-12-28 06:32:31.459022,User_2,Branch_B,Morning,Operations,37,4,4.46,6,5,Winter
E_283,Case_38,Approve,2024-12-28 06:44:31.459022,User_3,Headquarters,Night,IT,96,2,5.35,6,5,Winter
E_380,Case_50,Archive,2024-12-28 07:11:31.459022,User_1,Branch_B,Afternoon,Finance,19,4,3.34,7,5,Winter
E_381,Case_50,Approve,2024-12-28 08:23:31.459022,User_1,Headquarters,Night,IT,36,1,9.71,8,5,Winter
E_284,Case_38,Finalize,2024-12-28 08:36:31.459022,User_3,Branch_C,Night,IT,100,1,8.46,8,5,Winter
E_285,Case_38,Submit,2024-12-28 08:54:31.459022,User_2,Branch_C,Night,IT,90,1,8.31,8,5,Winter
E_382,Case_50,Archive,2024-12-28 09:09:31.459022,User_3,Branch_B,Afternoon,HR,66,1,7.65,9,5,Winter
E_286,Case_38,Archive,2024-12-28 10:17:31.459022,User_1,Branch_A,Afternoon,HR,69,4,7.64,10,5,Winter
E_287,Case_38,Finalize,2024-12-28 11:35:31.459022,User_4,Headquarters,Morning,Operations,74,3,3.56,11,5,Winter
E_288,Case_38,Submit,2024-12-28 11:38:31.459022,User_1,Branch_B,Night,Operations,57,2,3.5,11,5,Winter
E_289,Case_38,Submit,2024-12-28 13:16:31.459022,User_2,Branch_B,Night,Finance,10,5,1.01,13,5,Winter
E_290,Case_38,Finalize,2024-12-28 13:17:31.459022,User_1,Branch_A,Morning,IT,67,3,8.03,13,5,Winter
E_478,Case_65,Approve,2024-12-29 04:51:31.459022,User_3,Branch_C,Night,HR,87,4,3.02,4,6,Winter
E_479,Case_65,Review,2024-12-29 06:23:31.459022,User_4,Branch_C,Night,IT,12,5,5.41,6,6,Winter
E_480,Case_65,Review,2024-12-29 08:13:31.459022,User_2,Headquarters,Night,Operations,64,5,2.99,8,6,Winter
E_481,Case_65,Archive,2024-12-29 09:22:31.459022,User_1,Branch_C,Morning,IT,96,4,0.15,9,6,Winter
E_482,Case_65,Approve,2024-12-29 09:58:31.459022,User_4,Branch_B,Morning,Finance,71,2,0.12,9,6,Winter
E_483,Case_65,Archive,2024-12-29 10:17:31.459022,User_3,Branch_A,Morning,Operations,10,2,4.1,10,6,Winter
E_484,Case_65,Submit,2024-12-29 11:03:31.459022,User_1,Branch_C,Afternoon,Operations,12,5,3.48,11,6,Winter
E_485,Case_65,Review,2024-12-29 11:21:31.459022,User_3,Branch_A,Night,IT,5,5,6.44,11,6,Winter
E_486,Case_65,Approve,2024-12-29 12:12:31.459022,User_2,Branch_C,Afternoon,HR,5,4,5.31,12,6,Winter
E_487,Case_65,Review,2024-12-29 13:52:31.459022,User_2,Headquarters,Morning,Finance,31,3,7.26,13,6,Winter
E_149,Case_21,Archive,2024-12-30 04:51:31.459022,User_4,Branch_B,Morning,HR,19,5,1.35,4,0,Winter
E_150,Case_21,Finalize,2024-12-30 06:33:31.459022,User_1,Branch_C,Afternoon,Operations,51,1,8.13,6,0,Winter
E_151,Case_21,Submit,2024-12-30 08:06:31.459022,User_2,Headquarters,Afternoon,Operations,28,2,9.51,8,0,Winter
E_152,Case_21,Review,2024-12-30 09:42:31.459022,User_1,Branch_A,Afternoon,HR,99,1,2.75,9,0,Winter
E_153,Case_21,Archive,2024-12-30 11:07:31.459022,User_3,Branch_B,Morning,Operations,75,2,6.03,11,0,Winter
E_154,Case_21,Archive,2024-12-30 12:29:31.459022,User_2,Headquarters,Morning,HR,24,4,7.15,12,0,Winter
E_155,Case_21,Finalize,2024-12-30 13:12:31.459022,User_3,Branch_B,Morning,IT,65,4,6.89,13,0,Winter
E_156,Case_21,Finalize,2024-12-30 13:41:31.459022,User_4,Headquarters,Night,Operations,25,1,5.94,13,0,Winter
E_157,Case_21,Archive,2024-12-30 14:08:31.459022,User_4,Branch_A,Night,HR,69,4,9.92,14,0,Winter
E_655,Case_88,Finalize,2024-12-31 04:51:31.459022,User_2,Headquarters,Afternoon,HR,25,1,2.65,4,1,Winter
E_355,Case_47,Finalize,2024-12-31 04:51:31.459022,User_1,Headquarters,Night,Operations,43,3,7.33,4,1,Winter
E_240,Case_33,Submit,2024-12-31 04:51:31.459022,User_1,Headquarters,Afternoon,Finance,47,3,6.67,4,1,Winter
E_656,Case_88,Archive,2024-12-31 04:57:31.459022,User_4,Branch_B,Morning,Finance,98,1,2.28,4,1,Winter
E_657,Case_88,Archive,2024-12-31 05:05:31.459022,User_2,Branch_A,Afternoon,Finance,43,3,5.52,5,1,Winter
E_658,Case_88,Archive,2024-12-31 05:31:31.459022,User_2,Branch_C,Afternoon,HR,23,3,0.81,5,1,Winter
E_659,Case_88,Finalize,2024-12-31 05:44:31.459022,User_1,Branch_C,Morning,IT,41,4,9.72,5,1,Winter
E_356,Case_47,Submit,2024-12-31 06:25:31.459022,User_2,Branch_A,Afternoon,Operations,29,2,5.54,6,1,Winter
E_241,Case_33,Finalize,2024-12-31 06:42:31.459022,User_2,Branch_B,Morning,Operations,106,1,6.99,6,1,Winter
E_660,Case_88,Approve,2024-12-31 07:06:31.459022,User_2,Branch_B,Afternoon,IT,16,2,3.71,7,1,Winter
E_242,Case_33,Submit,2024-12-31 07:09:31.459022,User_4,Branch_C,Morning,IT,96,5,4.96,7,1,Winter
E_357,Case_47,Archive,2024-12-31 07:27:31.459022,User_1,Branch_B,Morning,IT,115,3,6.92,7,1,Winter
E_661,Case_88,Approve,2024-12-31 08:03:31.459022,User_2,Branch_B,Afternoon,IT,92,1,6.32,8,1,Winter
E_243,Case_33,Archive,2024-12-31 08:12:31.459022,User_4,Branch_A,Afternoon,HR,87,2,2.8,8,1,Winter
E_244,Case_33,Submit,2024-12-31 09:10:31.459022,User_4,Branch_A,Morning,Operations,54,3,9.47,9,1,Winter
E_358,Case_47,Approve,2024-12-31 09:14:31.459022,User_1,Branch_B,Morning,Operations,80,2,9.49,9,1,Winter
E_662,Case_88,Archive,2024-12-31 09:47:31.459022,User_4,Headquarters,Afternoon,Finance,74,2,3.19,9,1,Winter
E_245,Case_33,Submit,2024-12-31 10:08:31.459022,User_1,Branch_B,Night,IT,4,5,8.55,10,1,Winter
E_359,Case_47,Submit,2024-12-31 10:21:31.459022,User_4,Headquarters,Afternoon,Operations,43,5,3.99,10,1,Winter
E_246,Case_33,Approve,2024-12-31 11:14:31.459022,User_3,Branch_B,Morning,IT,64,2,4.74,11,1,Winter
E_247,Case_33,Approve,2024-12-31 12:52:31.459022,User_2,Branch_C,Afternoon,Operations,51,4,4.97,12,1,Winter
E_248,Case_33,Approve,2024-12-31 14:05:31.459022,User_4,Headquarters,Night,IT,34,5,1.28,14,1,Winter
E_213,Case_29,Submit,2025-01-01 04:51:31.459022,User_2,Headquarters,Morning,Finance,88,5,1.99,4,2,Winter
E_214,Case_29,Archive,2025-01-01 05:55:31.459022,User_3,Branch_B,Night,HR,110,1,4.98,5,2,Winter
E_215,Case_29,Approve,2025-01-01 06:15:31.459022,User_1,Branch_B,Morning,HR,39,3,2.32,6,2,Winter
E_216,Case_29,Archive,2025-01-01 07:25:31.459022,User_2,Branch_C,Morning,HR,81,3,9.69,7,2,Winter
E_217,Case_29,Archive,2025-01-01 07:34:31.459022,User_2,Branch_C,Morning,HR,59,4,9.56,7,2,Winter
E_267,Case_36,Approve,2025-01-02 04:51:31.459022,User_4,Branch_B,Morning,Operations,74,3,1.73,4,3,Winter
E_444,Case_60,Review,2025-01-02 04:51:31.459022,User_2,Headquarters,Night,HR,99,3,5.18,4,3,Winter
E_79,Case_11,Archive,2025-01-02 04:51:31.459022,User_1,Branch_B,Afternoon,IT,98,2,7.87,4,3,Winter
E_73,Case_10,Approve,2025-01-02 04:51:31.459022,User_4,Branch_A,Night,Finance,15,2,1.55,4,3,Winter
E_158,Case_22,Submit,2025-01-02 04:51:31.459022,User_1,Branch_A,Afternoon,Operations,35,5,5.97,4,3,Winter
E_15,Case_3,Archive,2025-01-02 04:51:31.459022,User_2,Branch_A,Night,Operations,66,5,2.74,4,3,Winter
E_426,Case_57,Approve,2025-01-02 04:51:31.459022,User_1,Headquarters,Night,IT,33,5,9.57,4,3,Winter
E_727,Case_97,Review,2025-01-02 04:51:31.459022,User_1,Branch_A,Afternoon,Finance,15,5,9.99,4,3,Winter
E_728,Case_97,Review,2025-01-02 04:52:31.459022,User_3,Branch_A,Morning,IT,89,4,9.65,4,3,Winter
E_16,Case_3,Approve,2025-01-02 05:06:31.459022,User_1,Branch_B,Morning,Operations,93,2,2.92,5,3,Winter
E_17,Case_3,Approve,2025-01-02 05:22:31.459022,User_2,Branch_C,Night,HR,9,4,8.17,5,3,Winter
E_445,Case_60,Finalize,2025-01-02 05:45:31.459022,User_4,Branch_A,Morning,HR,79,1,5.04,5,3,Winter
E_729,Case_97,Approve,2025-01-02 05:48:31.459022,User_2,Branch_B,Night,HR,101,1,1.06,5,3,Winter
E_74,Case_10,Submit,2025-01-02 05:48:31.459022,User_3,Branch_C,Afternoon,IT,108,1,0.26,5,3,Winter
E_268,Case_36,Approve,2025-01-02 05:55:31.459022,User_1,Headquarters,Night,HR,84,2,8.4,5,3,Winter
E_730,Case_97,Approve,2025-01-02 06:03:31.459022,User_2,Branch_B,Night,HR,37,2,4.5,6,3,Winter
E_159,Case_22,Submit,2025-01-02 06:08:31.459022,User_2,Branch_A,Afternoon,IT,61,2,0.9,6,3,Winter
E_427,Case_57,Archive,2025-01-02 06:10:31.459022,User_1,Branch_C,Morning,HR,21,4,0.15,6,3,Winter
E_269,Case_36,Approve,2025-01-02 06:13:31.459022,User_2,Branch_B,Afternoon,Operations,92,5,9.53,6,3,Winter
E_428,Case_57,Review,2025-01-02 06:13:31.459022,User_4,Branch_C,Afternoon,IT,37,1,1.91,6,3,Winter
E_429,Case_57,Submit,2025-01-02 06:25:31.459022,User_4,Branch_A,Night,Operations,71,1,8.72,6,3,Winter
E_75,Case_10,Approve,2025-01-02 06:27:31.459022,User_1,Headquarters,Morning,Finance,13,3,4.96,6,3,Winter
E_160,Case_22,Finalize,2025-01-02 06:36:31.459022,User_3,Headquarters,Morning,HR,116,3,6.2,6,3,Winter
E_731,Case_97,Finalize,2025-01-02 06:44:31.459022,User_1,Branch_C,Night,Finance,77,4,8.82,6,3,Winter
E_18,Case_3,Finalize,2025-01-02 06:45:31.459022,User_4,Headquarters,Afternoon,Operations,56,5,6.0,6,3,Winter
E_80,Case_11,Approve,2025-01-02 06:49:31.459022,User_2,Headquarters,Afternoon,IT,23,2,9.3,6,3,Winter
E_76,Case_10,Approve,2025-01-02 06:51:31.459022,User_1,Headquarters,Afternoon,Operations,15,3,0.11,6,3,Winter
E_446,Case_60,Submit,2025-01-02 06:53:31.459022,User_2,Branch_B,Morning,HR,52,4,5.88,6,3,Winter
E_732,Case_97,Review,2025-01-02 07:17:31.459022,User_4,Branch_A,Morning,HR,60,3,7.11,7,3,Winter
E_161,Case_22,Review,2025-01-02 07:21:31.459022,User_1,Branch_A,Morning,HR,4,5,4.63,7,3,Winter
E_162,Case_22,Archive,2025-01-02 07:29:31.459022,User_2,Branch_A,Morning,Operations,43,1,8.89,7,3,Winter
E_430,Case_57,Review,2025-01-02 07:45:31.459022,User_1,Branch_A,Afternoon,HR,92,2,8.87,7,3,Winter
E_81,Case_11,Finalize,2025-01-02 07:52:31.459022,User_3,Branch_B,Morning,Operations,100,1,9.82,7,3,Winter
E_431,Case_57,Approve,2025-01-02 07:54:31.459022,User_1,Headquarters,Afternoon,HR,33,5,5.03,7,3,Winter
E_270,Case_36,Archive,2025-01-02 08:00:31.459022,User_3,Headquarters,Night,Finance,102,1,0.74,8,3,Winter
E_82,Case_11,Archive,2025-01-02 08:02:31.459022,User_4,Headquarters,Morning,Finance,70,3,4.87,8,3,Winter
E_163,Case_22,Finalize,2025-01-02 08:14:31.459022,User_3,Branch_A,Afternoon,HR,39,1,9.2,8,3,Winter
E_19,Case_3,Submit,2025-01-02 08:32:31.459022,User_4,Branch_A,Night,IT,75,4,5.79,8,3,Winter
E_164,Case_22,Approve,2025-01-02 08:37:31.459022,User_1,Headquarters,Morning,HR,53,5,3.04,8,3,Winter
E_77,Case_10,Review,2025-01-02 08:47:31.459022,User_4,Branch_C,Morning,IT,35,1,8.88,8,3,Winter
E_447,Case_60,Submit,2025-01-02 08:50:31.459022,User_3,Branch_C,Night,Operations,120,3,8.16,8,3,Winter
E_83,Case_11,Finalize,2025-01-02 09:13:31.459022,User_1,Branch_B,Night,Finance,89,5,5.82,9,3,Winter
E_432,Case_57,Archive,2025-01-02 09:30:31.459022,User_3,Branch_C,Afternoon,HR,89,3,9.59,9,3,Winter
E_271,Case_36,Review,2025-01-02 09:32:31.459022,User_2,Branch_A,Morning,IT,30,5,4.57,9,3,Winter
E_448,Case_60,Finalize,2025-01-02 09:34:31.459022,User_2,Headquarters,Afternoon,HR,24,4,7.71,9,3,Winter
E_272,Case_36,Submit,2025-01-02 09:38:31.459022,User_3,Branch_C,Night,HR,15,1,6.26,9,3,Winter
E_165,Case_22,Finalize,2025-01-02 09:46:31.459022,User_3,Branch_A,Night,IT,75,4,2.59,9,3,Winter
E_20,Case_3,Approve,2025-01-02 09:54:31.459022,User_2,Branch_C,Morning,HR,99,1,6.76,9,3,Winter
E_433,Case_57,Finalize,2025-01-02 09:57:31.459022,User_1,Branch_C,Morning,Finance,16,3,8.94,9,3,Winter
E_78,Case_10,Submit,2025-01-02 09:57:31.459022,User_1,Branch_C,Afternoon,IT,108,4,5.52,9,3,Winter
E_273,Case_36,Review,2025-01-02 09:59:31.459022,User_4,Headquarters,Afternoon,Operations,6,2,3.58,9,3,Winter
E_166,Case_22,Review,2025-01-02 10:16:31.459022,User_2,Branch_A,Morning,HR,26,5,6.89,10,3,Winter
E_449,Case_60,Submit,2025-01-02 10:35:31.459022,User_4,Branch_A,Afternoon,Operations,87,2,1.67,10,3,Winter
E_274,Case_36,Approve,2025-01-02 10:55:31.459022,User_2,Branch_A,Night,HR,53,2,4.41,10,3,Winter
E_450,Case_60,Approve,2025-01-02 11:31:31.459022,User_4,Branch_B,Night,Operations,48,1,9.07,11,3,Winter
E_21,Case_3,Archive,2025-01-02 11:43:31.459022,User_4,Branch_A,Night,IT,25,2,7.66,11,3,Winter
E_275,Case_36,Approve,2025-01-02 11:45:31.459022,User_4,Branch_C,Night,IT,31,4,7.29,11,3,Winter
E_451,Case_60,Finalize,2025-01-02 11:52:31.459022,User_4,Branch_A,Afternoon,Finance,14,3,6.82,11,3,Winter
E_452,Case_60,Finalize,2025-01-02 12:15:31.459022,User_2,Branch_B,Night,Operations,50,5,0.47,12,3,Winter
E_453,Case_60,Approve,2025-01-02 13:26:31.459022,User_4,Branch_C,Night,Finance,89,2,7.94,13,3,Winter
E_22,Case_3,Finalize,2025-01-02 13:35:31.459022,User_4,Branch_A,Afternoon,Finance,57,4,2.69,13,3,Winter
E_23,Case_3,Submit,2025-01-02 14:38:31.459022,User_3,Branch_B,Morning,Finance,34,5,9.56,14,3,Winter
E_176,Case_24,Review,2025-01-03 04:51:31.459022,User_3,Branch_A,Night,Finance,29,4,9.11,4,4,Winter
E_177,Case_24,Finalize,2025-01-03 05:23:31.459022,User_4,Headquarters,Night,Operations,76,1,5.47,5,4,Winter
E_178,Case_24,Submit,2025-01-03 06:21:31.459022,User_4,Branch_A,Afternoon,HR,88,1,3.17,6,4,Winter
E_179,Case_24,Archive,2025-01-03 07:24:31.459022,User_2,Branch_A,Afternoon,IT,51,3,8.21,7,4,Winter
E_180,Case_24,Finalize,2025-01-03 08:51:31.459022,User_4,Branch_C,Afternoon,HR,18,1,4.29,8,4,Winter
E_181,Case_24,Finalize,2025-01-03 09:21:31.459022,User_1,Branch_B,Afternoon,IT,104,5,4.23,9,4,Winter
E_182,Case_24,Finalize,2025-01-03 09:42:31.459022,User_1,Headquarters,Night,HR,74,4,1.81,9,4,Winter
E_107,Case_15,Submit,2025-01-04 04:51:31.459022,User_3,Headquarters,Morning,IT,13,4,4.86,4,5,Winter
E_616,Case_83,Review,2025-01-04 04:51:31.459022,User_3,Branch_C,Afternoon,HR,81,5,4.51,4,5,Winter
E_108,Case_15,Review,2025-01-04 05:51:31.459022,User_3,Branch_B,Afternoon,Finance,24,3,2.56,5,5,Winter
E_617,Case_83,Review,2025-01-04 05:53:31.459022,User_3,Branch_B,Morning,Operations,110,5,1.83,5,5,Winter
E_618,Case_83,Submit,2025-01-04 07:24:31.459022,User_4,Branch_B,Morning,Operations,93,4,1.79,7,5,Winter
E_619,Case_83,Archive,2025-01-04 07:34:31.459022,User_1,Branch_A,Afternoon,HR,44,4,6.62,7,5,Winter
E_620,Case_83,Approve,2025-01-04 07:35:31.459022,User_1,Branch_B,Afternoon,HR,110,1,7.73,7,5,Winter
E_109,Case_15,Archive,2025-01-04 07:36:31.459022,User_2,Branch_A,Morning,Finance,25,5,4.5,7,5,Winter
E_110,Case_15,Approve,2025-01-04 08:56:31.459022,User_1,Branch_C,Afternoon,IT,86,5,2.27,8,5,Winter
E_621,Case_83,Finalize,2025-01-04 09:28:31.459022,User_3,Branch_B,Afternoon,IT,96,2,8.77,9,5,Winter
E_111,Case_15,Approve,2025-01-04 10:32:31.459022,User_4,Branch_C,Afternoon,Finance,71,5,1.78,10,5,Winter
E_112,Case_15,Review,2025-01-04 11:41:31.459022,User_3,Branch_A,Night,HR,104,1,0.46,11,5,Winter
E_113,Case_15,Finalize,2025-01-04 11:49:31.459022,User_1,Branch_C,Night,Operations,18,2,6.38,11,5,Winter
E_114,Case_15,Finalize,2025-01-04 13:37:31.459022,User_1,Headquarters,Morning,IT,63,5,6.58,13,5,Winter
E_115,Case_15,Approve,2025-01-04 15:07:31.459022,User_1,Branch_C,Afternoon,HR,91,2,1.74,15,5,Winter
E_637,Case_86,Approve,2025-01-06 04:51:31.459022,User_2,Branch_B,Night,HR,49,4,8.83,4,0,Winter
E_231,Case_32,Finalize,2025-01-06 04:51:31.459022,User_4,Headquarters,Morning,IT,118,5,6.07,4,0,Winter
E_454,Case_61,Finalize,2025-01-06 04:51:31.459022,User_3,Branch_C,Afternoon,IT,119,1,1.86,4,0,Winter
E_232,Case_32,Submit,2025-01-06 05:01:31.459022,User_1,Branch_A,Afternoon,HR,32,2,1.36,5,0,Winter
E_233,Case_32,Review,2025-01-06 05:26:31.459022,User_3,Branch_C,Afternoon,HR,10,1,6.02,5,0,Winter
E_234,Case_32,Archive,2025-01-06 05:31:31.459022,User_2,Branch_A,Morning,Operations,50,4,8.57,5,0,Winter
E_455,Case_61,Finalize,2025-01-06 05:47:31.459022,User_1,Headquarters,Afternoon,Operations,8,3,3.64,5,0,Winter
E_235,Case_32,Finalize,2025-01-06 05:57:31.459022,User_3,Branch_B,Afternoon,IT,68,4,7.79,5,0,Winter
E_236,Case_32,Submit,2025-01-06 06:34:31.459022,User_1,Headquarters,Night,IT,65,2,8.33,6,0,Winter
E_638,Case_86,Archive,2025-01-06 06:35:31.459022,User_1,Branch_A,Night,HR,22,5,7.12,6,0,Winter
E_456,Case_61,Submit,2025-01-06 07:29:31.459022,User_2,Headquarters,Morning,Operations,48,4,6.52,7,0,Winter
E_639,Case_86,Review,2025-01-06 08:12:31.459022,User_4,Branch_C,Afternoon,IT,87,5,1.95,8,0,Winter
E_237,Case_32,Finalize,2025-01-06 08:19:31.459022,User_2,Branch_C,Morning,Finance,108,3,9.16,8,0,Winter
E_457,Case_61,Finalize,2025-01-06 08:42:31.459022,User_2,Headquarters,Afternoon,IT,68,2,0.97,8,0,Winter
E_458,Case_61,Approve,2025-01-06 09:27:31.459022,User_3,Branch_C,Night,HR,4,5,0.87,9,0,Winter
E_640,Case_86,Finalize,2025-01-06 09:31:31.459022,User_4,Branch_B,Afternoon,HR,32,5,6.82,9,0,Winter
E_238,Case_32,Review,2025-01-06 09:49:31.459022,User_4,Branch_A,Morning,Operations,5,1,1.85,9,0,Winter
E_459,Case_61,Finalize,2025-01-06 10:49:31.459022,User_3,Branch_B,Morning,Operations,30,1,8.99,10,0,Winter
E_239,Case_32,Review,2025-01-06 10:51:31.459022,User_2,Branch_B,Afternoon,HR,100,5,8.62,10,0,Winter
E_641,Case_86,Archive,2025-01-06 10:51:31.459022,User_4,Branch_B,Morning,IT,69,4,0.16,10,0,Winter
E_642,Case_86,Finalize,2025-01-06 11:41:31.459022,User_1,Branch_C,Afternoon,IT,63,3,1.67,11,0,Winter
E_643,Case_86,Approve,2025-01-06 11:42:31.459022,User_2,Branch_B,Night,IT,45,4,4.77,11,0,Winter
E_460,Case_61,Archive,2025-01-06 11:47:31.459022,User_1,Branch_C,Morning,Operations,68,2,4.78,11,0,Winter
E_644,Case_86,Archive,2025-01-06 12:00:31.459022,User_2,Branch_A,Morning,Operations,42,4,3.11,12,0,Winter
E_645,Case_86,Submit,2025-01-06 13:22:31.459022,User_3,Branch_A,Morning,IT,79,2,5.58,13,0,Winter
E_92,Case_13,Approve,2025-01-07 04:51:31.459022,User_1,Headquarters,Afternoon,IT,103,1,9.66,4,1,Winter
E_93,Case_13,Submit,2025-01-07 06:46:31.459022,User_1,Headquarters,Night,IT,17,5,2.56,6,1,Winter
E_94,Case_13,Archive,2025-01-07 07:24:31.459022,User_4,Branch_A,Night,IT,33,1,2.45,7,1,Winter
E_95,Case_13,Archive,2025-01-07 08:57:31.459022,User_4,Branch_B,Morning,Finance,80,2,1.76,8,1,Winter
E_96,Case_13,Approve,2025-01-07 09:00:31.459022,User_4,Branch_C,Morning,IT,24,4,9.27,9,1,Winter
E_748,Case_100,Submit,2025-01-08 04:51:31.459022,User_4,Branch_C,Afternoon,Finance,67,2,9.58,4,2,Winter
E_749,Case_100,Review,2025-01-08 06:32:31.459022,User_2,Branch_B,Afternoon,HR,14,2,7.18,6,2,Winter
E_750,Case_100,Finalize,2025-01-08 06:33:31.459022,User_4,Branch_A,Morning,Operations,55,4,1.62,6,2,Winter
E_751,Case_100,Archive,2025-01-08 07:27:31.459022,User_3,Branch_B,Night,HR,112,2,2.4,7,2,Winter
E_752,Case_100,Submit,2025-01-08 09:07:31.459022,User_4,Branch_A,Afternoon,HR,52,5,0.11,9,2,Winter
E_123,Case_17,Finalize,2025-01-09 04:51:31.459022,User_1,Branch_A,Morning,IT,20,5,8.41,4,3,Winter
E_144,Case_20,Archive,2025-01-09 04:51:31.459022,User_4,Headquarters,Night,Operations,39,3,4.82,4,3,Winter
E_473,Case_64,Review,2025-01-09 04:51:31.459022,User_4,Headquarters,Night,HR,83,5,6.15,4,3,Winter
E_522,Case_70,Submit,2025-01-09 04:51:31.459022,User_3,Branch_C,Morning,HR,47,2,9.43,4,3,Winter
E_24,Case_4,Finalize,2025-01-09 04:51:31.459022,User_1,Branch_C,Morning,IT,94,4,4.69,4,3,Winter
E_523,Case_70,Submit,2025-01-09 06:01:31.459022,User_1,Headquarters,Morning,Operations,7,5,3.78,6,3,Winter
E_474,Case_64,Finalize,2025-01-09 06:11:31.459022,User_4,Headquarters,Afternoon,HR,64,3,1.48,6,3,Winter
E_475,Case_64,Review,2025-01-09 06:36:31.459022,User_2,Branch_B,Afternoon,HR,14,5,0.27,6,3,Winter
E_524,Case_70,Archive,2025-01-09 06:36:31.459022,User_3,Branch_A,Night,HR,90,3,2.44,6,3,Winter
E_25,Case_4,Finalize,2025-01-09 06:41:31.459022,User_2,Headquarters,Night,IT,97,2,8.3,6,3,Winter
E_124,Case_17,Archive,2025-01-09 06:48:31.459022,User_3,Branch_B,Afternoon,IT,2,3,7.11,6,3,Winter
E_145,Case_20,Submit,2025-01-09 06:48:31.459022,User_4,Branch_C,Morning,Finance,2,4,8.71,6,3,Winter
E_125,Case_17,Archive,2025-01-09 07:07:31.459022,User_2,Branch_B,Night,HR,110,3,1.59,7,3,Winter
E_476,Case_64,Finalize,2025-01-09 07:09:31.459022,User_1,Branch_B,Night,Finance,47,1,8.71,7,3,Winter
E_146,Case_20,Archive,2025-01-09 07:22:31.459022,User_1,Branch_C,Morning,Finance,120,2,4.79,7,3,Winter
E_147,Case_20,Review,2025-01-09 07:27:31.459022,User_2,Branch_A,Night,Operations,8,2,2.82,7,3,Winter
E_148,Case_20,Archive,2025-01-09 07:32:31.459022,User_2,Branch_B,Night,HR,61,5,3.43,7,3,Winter
E_477,Case_64,Submit,2025-01-09 08:02:31.459022,User_3,Branch_C,Afternoon,Finance,23,2,4.14,8,3,Winter
E_525,Case_70,Review,2025-01-09 08:21:31.459022,User_1,Branch_C,Afternoon,Operations,112,5,9.96,8,3,Winter
E_26,Case_4,Review,2025-01-09 08:25:31.459022,User_2,Branch_B,Night,HR,70,2,1.39,8,3,Winter
E_126,Case_17,Review,2025-01-09 08:58:31.459022,User_4,Headquarters,Night,Operations,15,1,0.24,8,3,Winter
E_27,Case_4,Finalize,2025-01-09 09:22:31.459022,User_3,Branch_C,Morning,HR,90,5,9.54,9,3,Winter
E_526,Case_70,Archive,2025-01-09 10:00:31.459022,User_4,Branch_B,Night,HR,95,5,3.68,10,3,Winter
E_127,Case_17,Approve,2025-01-09 10:35:31.459022,User_1,Branch_A,Night,Operations,24,2,3.12,10,3,Winter
E_28,Case_4,Archive,2025-01-09 11:18:31.459022,User_2,Branch_B,Afternoon,Operations,75,2,2.43,11,3,Winter
E_29,Case_4,Approve,2025-01-09 11:24:31.459022,User_2,Headquarters,Afternoon,Finance,61,4,9.92,11,3,Winter
E_128,Case_17,Submit,2025-01-09 12:04:31.459022,User_4,Headquarters,Night,Operations,13,5,2.08,12,3,Winter
E_30,Case_4,Submit,2025-01-09 12:31:31.459022,User_3,Branch_B,Night,Finance,55,1,6.8,12,3,Winter
E_129,Case_17,Review,2025-01-09 13:36:31.459022,User_3,Headquarters,Morning,Finance,12,4,7.08,13,3,Winter
E_130,Case_17,Approve,2025-01-09 15:10:31.459022,User_4,Headquarters,Morning,IT,39,3,8.25,15,3,Winter
E_131,Case_17,Review,2025-01-09 15:44:31.459022,User_2,Branch_A,Night,Finance,93,1,3.55,15,3,Winter
E_132,Case_17,Archive,2025-01-09 16:43:31.459022,User_1,Branch_B,Night,IT,14,5,5.44,16,3,Winter
E_301,Case_40,Finalize,2025-01-10 04:51:31.459022,User_3,Headquarters,Night,HR,45,4,7.94,4,4,Winter
E_302,Case_40,Review,2025-01-10 04:54:31.459022,User_1,Headquarters,Night,Operations,42,5,9.46,4,4,Winter
E_303,Case_40,Review,2025-01-10 05:16:31.459022,User_2,Branch_A,Morning,Finance,99,3,5.8,5,4,Winter
E_304,Case_40,Review,2025-01-10 06:30:31.459022,User_3,Headquarters,Afternoon,Finance,5,2,0.93,6,4,Winter
E_305,Case_40,Approve,2025-01-10 08:10:31.459022,User_1,Branch_B,Morning,Operations,108,5,5.48,8,4,Winter
E_306,Case_40,Approve,2025-01-10 08:26:31.459022,User_2,Branch_B,Night,HR,5,5,0.18,8,4,Winter
E_307,Case_40,Finalize,2025-01-10 10:04:31.459022,User_3,Branch_B,Afternoon,IT,50,1,6.5,10,4,Winter
E_308,Case_40,Review,2025-01-10 10:45:31.459022,User_2,Branch_C,Night,IT,32,1,8.04,10,4,Winter
E_309,Case_40,Approve,2025-01-10 10:47:31.459022,User_2,Headquarters,Morning,HR,90,1,7.31,10,4,Winter
E_512,Case_69,Approve,2025-01-11 04:51:31.459022,User_3,Branch_B,Morning,Finance,46,4,3.27,4,5,Winter
E_513,Case_69,Review,2025-01-11 04:55:31.459022,User_1,Branch_B,Afternoon,HR,46,2,7.89,4,5,Winter
E_514,Case_69,Finalize,2025-01-11 06:08:31.459022,User_2,Branch_C,Morning,Finance,117,5,7.0,6,5,Winter
E_515,Case_69,Approve,2025-01-11 07:30:31.459022,User_3,Branch_B,Night,HR,92,5,1.8,7,5,Winter
E_516,Case_69,Archive,2025-01-11 08:13:31.459022,User_3,Branch_B,Morning,Operations,68,5,4.0,8,5,Winter
E_517,Case_69,Review,2025-01-11 09:03:31.459022,User_3,Branch_B,Morning,IT,68,4,9.92,9,5,Winter
E_518,Case_69,Archive,2025-01-11 09:56:31.459022,User_4,Branch_B,Night,HR,14,5,0.84,9,5,Winter
E_519,Case_69,Archive,2025-01-11 11:49:31.459022,User_3,Branch_C,Afternoon,Operations,25,3,6.44,11,5,Winter
E_520,Case_69,Submit,2025-01-11 12:32:31.459022,User_3,Branch_C,Night,Operations,105,5,6.72,12,5,Winter
E_521,Case_69,Finalize,2025-01-11 13:40:31.459022,User_1,Headquarters,Afternoon,IT,110,3,1.44,13,5,Winter
E_602,Case_81,Archive,2025-01-12 04:51:31.459022,User_4,Branch_A,Afternoon,HR,80,2,1.34,4,6,Winter
E_701,Case_94,Archive,2025-01-12 04:51:31.459022,User_3,Branch_B,Afternoon,HR,100,3,3.19,4,6,Winter
E_1,Case_1,Submit,2025-01-12 04:51:31.459022,User_2,Branch_C,Afternoon,IT,96,3,1.68,4,6,Winter
E_360,Case_48,Review,2025-01-12 04:51:31.459022,User_3,Branch_A,Afternoon,Operations,96,5,1.53,4,6,Winter
E_133,Case_18,Review,2025-01-12 04:51:31.459022,User_1,Headquarters,Morning,Finance,59,3,8.36,4,6,Winter
E_702,Case_94,Approve,2025-01-12 05:35:31.459022,User_4,Headquarters,Night,Operations,52,2,6.65,5,6,Winter
E_134,Case_18,Submit,2025-01-12 05:47:31.459022,User_2,Branch_A,Afternoon,Finance,85,1,5.07,5,6,Winter
E_2,Case_1,Finalize,2025-01-12 06:09:31.459022,User_1,Branch_B,Afternoon,Finance,35,4,5.06,6,6,Winter
E_135,Case_18,Submit,2025-01-12 06:14:31.459022,User_4,Branch_C,Night,Operations,36,4,3.87,6,6,Winter
E_703,Case_94,Submit,2025-01-12 06:19:31.459022,User_2,Branch_B,Night,Finance,43,2,1.89,6,6,Winter
E_603,Case_81,Submit,2025-01-12 06:37:31.459022,User_2,Headquarters,Afternoon,Operations,109,1,3.17,6,6,Winter
E_361,Case_48,Finalize,2025-01-12 06:51:31.459022,User_3,Branch_C,Morning,IT,101,1,9.93,6,6,Winter
E_362,Case_48,Submit,2025-01-12 07:00:31.459022,User_2,Branch_B,Night,HR,93,2,6.63,7,6,Winter
E_3,Case_1,Submit,2025-01-12 07:53:31.459022,User_4,Headquarters,Morning,Operations,1,5,2.58,7,6,Winter
E_136,Case_18,Archive,2025-01-12 08:01:31.459022,User_3,Branch_C,Afternoon,IT,116,1,5.23,8,6,Winter
E_604,Case_81,Finalize,2025-01-12 08:02:31.459022,User_2,Branch_C,Morning,Finance,106,5,0.59,8,6,Winter
E_704,Case_94,Approve,2025-01-12 08:06:31.459022,User_3,Branch_A,Morning,HR,43,3,2.77,8,6,Winter
E_4,Case_1,Review,2025-01-12 08:42:31.459022,User_4,Branch_B,Afternoon,Operations,64,2,0.37,8,6,Winter
E_363,Case_48,Finalize,2025-01-12 08:44:31.459022,User_2,Headquarters,Afternoon,Finance,37,2,8.0,8,6,Winter
E_605,Case_81,Approve,2025-01-12 09:18:31.459022,User_4,Branch_A,Afternoon,IT,49,4,2.07,9,6,Winter
E_705,Case_94,Archive,2025-01-12 09:42:31.459022,User_4,Branch_B,Afternoon,Operations,32,3,3.59,9,6,Winter
E_706,Case_94,Finalize,2025-01-12 09:58:31.459022,User_2,Branch_B,Afternoon,HR,23,2,9.61,9,6,Winter
E_137,Case_18,Finalize,2025-01-12 09:59:31.459022,User_1,Headquarters,Night,Finance,29,2,0.15,9,6,Winter
E_364,Case_48,Approve,2025-01-12 10:24:31.459022,User_1,Branch_B,Afternoon,HR,3,1,4.41,10,6,Winter
E_5,Case_1,Submit,2025-01-12 10:31:31.459022,User_1,Branch_C,Afternoon,Finance,6,3,8.85,10,6,Winter
E_606,Case_81,Review,2025-01-12 10:41:31.459022,User_2,Branch_C,Morning,Operations,118,1,1.41,10,6,Winter
E_707,Case_94,Submit,2025-01-12 11:07:31.459022,User_4,Headquarters,Afternoon,Operations,104,3,1.62,11,6,Winter
E_6,Case_1,Approve,2025-01-12 12:06:31.459022,User_3,Branch_B,Afternoon,Finance,53,1,4.83,12,6,Winter
E_365,Case_48,Submit,2025-01-12 12:07:31.459022,User_3,Headquarters,Morning,IT,116,5,5.68,12,6,Winter
E_607,Case_81,Review,2025-01-12 12:20:31.459022,User_3,Branch_A,Afternoon,Operations,12,1,7.54,12,6,Winter
E_366,Case_48,Submit,2025-01-12 12:37:31.459022,User_1,Headquarters,Morning,Operations,61,2,8.15,12,6,Winter
E_708,Case_94,Approve,2025-01-12 12:54:31.459022,User_4,Branch_A,Morning,Operations,65,1,7.62,12,6,Winter
E_7,Case_1,Archive,2025-01-12 13:10:31.459022,User_2,Headquarters,Morning,Operations,92,5,7.84,13,6,Winter
E_709,Case_94,Finalize,2025-01-12 13:49:31.459022,User_3,Headquarters,Night,Finance,100,5,4.13,13,6,Winter
E_367,Case_48,Submit,2025-01-12 13:55:31.459022,User_2,Branch_A,Night,Operations,6,4,3.62,13,6,Winter
E_710,Case_94,Finalize,2025-01-12 14:07:31.459022,User_1,Branch_B,Morning,IT,7,3,1.43,14,6,Winter
E_608,Case_81,Review,2025-01-12 14:09:31.459022,User_3,Branch_A,Night,HR,64,2,5.26,14,6,Winter
E_8,Case_1,Review,2025-01-12 14:35:31.459022,User_1,Branch_C,Night,Operations,102,2,8.64,14,6,Winter
E_368,Case_48,Review,2025-01-12 15:10:31.459022,User_2,Branch_C,Night,IT,85,3,0.39,15,6,Winter
E_609,Case_81,Submit,2025-01-12 15:52:31.459022,User_2,Branch_B,Night,Finance,111,2,3.36,15,6,Winter
E_369,Case_48,Finalize,2025-01-12 16:25:31.459022,User_2,Branch_B,Afternoon,HR,38,1,1.02,16,6,Winter
E_461,Case_62,Archive,2025-01-13 04:51:31.459022,User_2,Branch_B,Morning,HR,72,2,4.99,4,0,Winter
E_370,Case_49,Archive,2025-01-13 04:51:31.459022,User_2,Branch_A,Morning,HR,15,3,7.44,4,0,Winter
E_64,Case_9,Submit,2025-01-13 04:51:31.459022,User_4,Branch_C,Afternoon,HR,118,2,7.44,4,0,Winter
E_467,Case_63,Archive,2025-01-13 04:51:31.459022,User_3,Branch_C,Morning,Operations,88,1,9.57,4,0,Winter
E_371,Case_49,Review,2025-01-13 04:59:31.459022,User_1,Branch_C,Morning,IT,82,3,2.74,4,0,Winter
E_462,Case_62,Approve,2025-01-13 05:06:31.459022,User_1,Branch_A,Night,HR,13,1,1.86,5,0,Winter
E_468,Case_63,Submit,2025-01-13 05:08:31.459022,User_3,Branch_B,Night,Finance,68,1,4.29,5,0,Winter
E_463,Case_62,Archive,2025-01-13 05:40:31.459022,User_4,Headquarters,Night,Finance,71,1,6.17,5,0,Winter
E_65,Case_9,Finalize,2025-01-13 06:05:31.459022,User_1,Branch_A,Morning,Finance,68,2,2.73,6,0,Winter
E_372,Case_49,Archive,2025-01-13 06:32:31.459022,User_3,Branch_C,Afternoon,HR,103,5,0.15,6,0,Winter
E_469,Case_63,Finalize,2025-01-13 06:50:31.459022,User_2,Headquarters,Afternoon,IT,56,4,7.54,6,0,Winter
E_373,Case_49,Archive,2025-01-13 06:52:31.459022,User_2,Branch_C,Morning,IT,29,1,1.15,6,0,Winter
E_464,Case_62,Submit,2025-01-13 06:53:31.459022,User_4,Headquarters,Night,HR,25,3,3.99,6,0,Winter
E_66,Case_9,Archive,2025-01-13 07:47:31.459022,User_4,Branch_B,Night,IT,108,5,4.17,7,0,Winter
E_470,Case_63,Submit,2025-01-13 08:24:31.459022,User_2,Branch_A,Morning,Finance,62,4,3.09,8,0,Winter
E_374,Case_49,Archive,2025-01-13 08:36:31.459022,User_4,Branch_C,Night,IT,80,2,8.93,8,0,Winter
E_465,Case_62,Archive,2025-01-13 08:42:31.459022,User_1,Branch_B,Night,HR,13,5,5.29,8,0,Winter
E_67,Case_9,Finalize,2025-01-13 09:25:31.459022,User_2,Headquarters,Morning,HR,66,3,8.19,9,0,Winter
E_466,Case_62,Submit,2025-01-13 09:34:31.459022,User_4,Branch_C,Morning,HR,106,1,9.78,9,0,Winter
E_375,Case_49,Review,2025-01-13 09:39:31.459022,User_1,Branch_C,Afternoon,Operations,80,2,3.15,9,0,Winter
E_376,Case_49,Review,2025-01-13 10:13:31.459022,User_3,Headquarters,Night,Operations,80,3,1.69,10,0,Winter
E_68,Case_9,Review,2025-01-13 10:20:31.459022,User_2,Branch_A,Morning,IT,86,3,5.63,10,0,Winter
E_471,Case_63,Review,2025-01-13 10:23:31.459022,User_4,Branch_A,Morning,IT,120,1,9.28,10,0,Winter
E_472,Case_63,Submit,2025-01-13 11:07:31.459022,User_3,Branch_B,Afternoon,IT,77,4,8.95,11,0,Winter
E_377,Case_49,Approve,2025-01-13 11:47:31.459022,User_1,Headquarters,Morning,IT,57,2,2.79,11,0,Winter
E_69,Case_9,Finalize,2025-01-13 12:08:31.459022,User_4,Branch_C,Night,Operations,44,5,0.22,12,0,Winter
E_70,Case_9,Review,2025-01-13 12:33:31.459022,User_2,Headquarters,Night,HR,71,5,1.86,12,0,Winter
E_71,Case_9,Approve,2025-01-13 13:40:31.459022,User_2,Headquarters,Night,Operations,38,4,7.85,13,0,Winter
E_72,Case_9,Review,2025-01-13 14:38:31.459022,User_1,Branch_C,Afternoon,Finance,10,5,0.69,14,0,Winter
E_197,Case_27,Review,2025-01-14 04:51:31.459022,User_3,Branch_B,Morning,IT,94,1,5.51,4,1,Winter
E_589,Case_79,Submit,2025-01-14 04:51:31.459022,User_3,Branch_B,Night,Finance,103,5,2.93,4,1,Winter
E_218,Case_30,Submit,2025-01-14 04:51:31.459022,User_3,Branch_C,Afternoon,IT,93,5,4.27,4,1,Winter
E_567,Case_76,Archive,2025-01-14 04:51:31.459022,User_1,Branch_C,Afternoon,Finance,53,2,5.77,4,1,Winter
E_276,Case_37,Finalize,2025-01-14 04:51:31.459022,User_3,Branch_B,Morning,IT,63,5,9.16,4,1,Winter
E_404,Case_54,Approve,2025-01-14 04:51:31.459022,User_1,Branch_C,Afternoon,HR,94,3,4.08,4,1,Winter
E_663,Case_89,Finalize,2025-01-14 04:51:31.459022,User_4,Headquarters,Afternoon,Operations,62,4,0.15,4,1,Winter
E_664,Case_89,Finalize,2025-01-14 05:00:31.459022,User_1,Branch_B,Afternoon,Operations,25,2,2.05,5,1,Winter
E_405,Case_54,Submit,2025-01-14 05:03:31.459022,User_1,Branch_A,Afternoon,IT,52,4,7.02,5,1,Winter
E_219,Case_30,Finalize,2025-01-14 05:05:31.459022,User_1,Headquarters,Morning,Finance,17,1,7.95,5,1,Winter
E_277,Case_37,Finalize,2025-01-14 05:13:31.459022,User_3,Headquarters,Afternoon,Operations,78,1,6.26,5,1,Winter
E_665,Case_89,Submit,2025-01-14 05:20:31.459022,User_3,Branch_C,Night,Operations,30,3,4.06,5,1,Winter
E_590,Case_79,Archive,2025-01-14 05:39:31.459022,User_3,Branch_A,Afternoon,HR,60,3,7.49,5,1,Winter
E_278,Case_37,Finalize,2025-01-14 05:41:31.459022,User_1,Branch_A,Afternoon,HR,91,3,4.64,5,1,Winter
E_220,Case_30,Submit,2025-01-14 05:49:31.459022,User_1,Headquarters,Night,IT,42,3,2.72,5,1,Winter
E_198,Case_27,Submit,2025-01-14 05:55:31.459022,User_2,Branch_B,Afternoon,HR,29,3,1.19,5,1,Winter
E_279,Case_37,Finalize,2025-01-14 06:23:31.459022,User_4,Branch_A,Morning,IT,47,3,9.73,6,1,Winter
E_591,Case_79,Archive,2025-01-14 06:24:31.459022,User_3,Branch_C,Morning,Operations,82,2,5.22,6,1,Winter
E_406,Case_54,Review,2025-01-14 06:36:31.459022,User_3,Branch_B,Morning,HR,105,1,6.32,6,1,Winter
E_568,Case_76,Finalize,2025-01-14 06:37:31.459022,User_4,Branch_B,Morning,Operations,85,3,2.81,6,1,Winter
E_221,Case_30,Finalize,2025-01-14 06:55:31.459022,User_1,Branch_C,Night,HR,43,2,2.97,6,1,Winter
E_666,Case_89,Review,2025-01-14 07:04:31.459022,User_1,Branch_A,Morning,Operations,115,2,5.78,7,1,Winter
E_569,Case_76,Submit,2025-01-14 07:15:31.459022,User_1,Branch_A,Morning,Finance,100,3,5.62,7,1,Winter
E_407,Case_54,Submit,2025-01-14 07:16:31.459022,User_2,Branch_B,Morning,IT,12,3,4.97,7,1,Winter
E_199,Case_27,Finalize,2025-01-14 07:19:31.459022,User_2,Headquarters,Night,HR,43,2,3.83,7,1,Winter
E_408,Case_54,Finalize,2025-01-14 07:21:31.459022,User_1,Branch_C,Night,HR,11,2,2.03,7,1,Winter
E_280,Case_37,Approve,2025-01-14 07:26:31.459022,User_1,Branch_A,Afternoon,IT,82,5,9.78,7,1,Winter
E_222,Case_30,Approve,2025-01-14 08:05:31.459022,User_1,Branch_B,Afternoon,IT,118,1,1.32,8,1,Winter
E_223,Case_30,Review,2025-01-14 08:07:31.459022,User_2,Branch_A,Night,HR,103,5,2.09,8,1,Winter
E_592,Case_79,Submit,2025-01-14 08:17:31.459022,User_2,Branch_B,Morning,HR,10,2,7.01,8,1,Winter
E_667,Case_89,Review,2025-01-14 08:47:31.459022,User_2,Branch_A,Morning,Finance,39,4,5.11,8,1,Winter
E_200,Case_27,Finalize,2025-01-14 08:54:31.459022,User_1,Branch_B,Night,IT,46,5,6.2,8,1,Winter
E_570,Case_76,Archive,2025-01-14 08:55:31.459022,User_3,Branch_B,Morning,IT,90,2,1.73,8,1,Winter
E_201,Case_27,Finalize,2025-01-14 09:01:31.459022,User_2,Headquarters,Morning,Operations,45,4,1.42,9,1,Winter
E_409,Case_54,Review,2025-01-14 09:08:31.459022,User_4,Branch_B,Night,IT,72,3,5.55,9,1,Winter
E_571,Case_76,Finalize,2025-01-14 09:17:31.459022,User_3,Headquarters,Morning,HR,42,2,8.54,9,1,Winter
E_202,Case_27,Submit,2025-01-14 09:39:31.459022,User_2,Branch_B,Night,Finance,17,3,6.11,9,1,Winter
E_593,Case_79,Finalize,2025-01-14 10:06:31.459022,User_4,Branch_C,Night,Operations,7,4,1.51,10,1,Winter
E_572,Case_76,Approve,2025-01-14 10:21:31.459022,User_2,Headquarters,Afternoon,IT,103,1,6.42,10,1,Winter
E_594,Case_79,Finalize,2025-01-14 12:06:31.459022,User_3,Branch_C,Morning,HR,70,2,7.88,12,1,Winter
E_573,Case_76,Archive,2025-01-14 12:17:31.459022,User_3,Branch_C,Afternoon,Operations,78,3,2.75,12,1,Winter
E_595,Case_79,Archive,2025-01-14 12:27:31.459022,User_4,Headquarters,Morning,IT,83,5,9.01,12,1,Winter
E_596,Case_79,Review,2025-01-14 13:54:31.459022,User_4,Branch_B,Morning,IT,109,3,6.96,13,1,Winter
E_310,Case_41,Finalize,2025-01-15 04:51:31.459022,User_4,Branch_C,Afternoon,Finance,47,5,5.64,4,2,Winter
E_507,Case_68,Review,2025-01-15 04:51:31.459022,User_2,Branch_A,Night,Finance,51,1,1.95,4,2,Winter
E_508,Case_68,Submit,2025-01-15 05:04:31.459022,User_1,Branch_C,Afternoon,IT,88,3,5.77,5,2,Winter
E_509,Case_68,Submit,2025-01-15 05:27:31.459022,User_1,Branch_A,Afternoon,Operations,87,3,5.11,5,2,Winter
E_510,Case_68,Approve,2025-01-15 05:58:31.459022,User_4,Branch_A,Morning,IT,118,3,8.63,5,2,Winter
E_511,Case_68,Submit,2025-01-15 06:00:31.459022,User_4,Branch_C,Morning,HR,60,4,7.88,6,2,Winter
E_311,Case_41,Approve,2025-01-15 06:40:31.459022,User_2,Headquarters,Morning,Finance,22,1,8.46,6,2,Winter
E_312,Case_41,Approve,2025-01-15 08:29:31.459022,User_1,Branch_A,Night,Operations,118,4,7.17,8,2,Winter
E_313,Case_41,Approve,2025-01-15 09:06:31.459022,User_1,Headquarters,Morning,Finance,46,5,0.98,9,2,Winter
E_314,Case_41,Finalize,2025-01-15 09:55:31.459022,User_4,Branch_A,Night,HR,99,5,2.17,9,2,Winter
E_315,Case_41,Archive,2025-01-15 10:21:31.459022,User_1,Branch_B,Night,IT,107,4,9.58,10,2,Winter
E_316,Case_41,Finalize,2025-01-15 10:33:31.459022,User_1,Headquarters,Night,IT,69,3,4.7,10,2,Winter
E_317,Case_41,Submit,2025-01-15 12:10:31.459022,User_4,Branch_A,Morning,IT,2,3,2.0,12,2,Winter
E_318,Case_41,Review,2025-01-15 13:25:31.459022,User_3,Branch_C,Night,Operations,1,5,6.13,13,2,Winter
